Steering wheel angle_ma1,Steering wheel angle_ma2,Steering wheel angle_ma3,Steering wheel angle_ma4,Steering wheel angle_ma5,Brake pedal force_ma1,Brake pedal force_ma2,Brake pedal force_ma3,Brake pedal force_ma4,Brake pedal force_ma5,Gas pedal_ma1,Gas pedal_ma2,Gas pedal_ma3,Gas pedal_ma4,Gas pedal_ma5,Brake pedal_ma1,Brake pedal_ma2,Brake pedal_ma3,Brake pedal_ma4,Brake pedal_ma5,Clutch pedal_ma1,Clutch pedal_ma2,Clutch pedal_ma3,Clutch pedal_ma4,Clutch pedal_ma5,Left turn_ma1,Left turn_ma2,Left turn_ma3,Left turn_ma4,Left turn_ma5,Right turn_ma1,Right turn_ma2,Right turn_ma3,Right turn_ma4,Right turn_ma5,Gear_ma1,Gear_ma2,Gear_ma3,Gear_ma4,Gear_ma5,speed_ma1,speed_ma2,speed_ma3,speed_ma4,speed_ma5,RPM_ma1,RPM_ma2,RPM_ma3,RPM_ma4,RPM_ma5,maniobra
-2.06,-2.0804,-1.4098,-0.9398666666666666,-1.568,4.5755,27.4236,19.911199999999997,13.727466666666666,10.635600000000002,0.0,0.0,4157.55,19000.2,24451.97,1089.0,8822.68,6279.71,4186.473333333333,3139.855,64253.0,64253.0,58051.05,39418.54666666667,33001.55,0.0,0.0,0.0,0.0,0.0,0.0,0.0,0.0,0.0,0.0,1.8,1.72,2.36,2.5733333333333333,2.68,14.3325,29.834400000000002,51.42979999999999,57.69839999999999,58.944849999999995,944.5745999999999,1017.6583999999999,1577.8978200000001,1886.4094399999997,2202.65506,3step-Turning
-416.63100000000003,-205.1108,-37.2666,-6.0188000000000015,-3.8819000000000012,1.36,1.36,1.36,6.7742,7.06785,12611.2,16038.4,15030.4,10020.266666666666,7822.72,0.0,0.0,0.0,1832.8333333333333,1932.305,33612.85,28027.02,32977.87,43402.91333333333,47684.545,0.0,0.0,0.0,0.0,0.0,0.0,0.0,0.0,0.0,0.0,1.0,1.0,0.89,0.7,1.025,6.124499999999999,6.3624,3.7316000000000003,6.0325999999999995,14.491499999999998,1192.4002,1183.91122,1057.40803,1024.5477,1183.1855150000001,3step-Turning
-0.7230000000000004,1.3135999999999999,-0.7768,-0.02413333333333329,-0.7593,19.657,11.1608,11.026200000000001,7.8041333333333345,6.1931,0.0,0.0,89.6,16993.253333333334,27215.47,6193.65,3317.82,3272.22,2181.48,1636.11,64253.0,64253.0,63604.04,47023.54,37907.935,0.0,0.0,0.0,0.0,0.0,0.0,0.0,0.0,0.0,0.0,2.0,1.74,2.16,2.7733333333333334,3.08,44.673500000000004,51.74759999999999,62.94469999999999,67.44013333333334,67.5205,924.9469499999999,963.73406,1345.8068099999998,1636.6547933333331,1691.548615,3step-Turning
12.349,2.2851999999999997,1.268,1.3216901408450705,1.3216901408450705,8.1635,12.728,7.0440000000000005,5.362816901408451,5.362816901408451,0.0,0.0,10076.58,17200.816901408452,17200.816901408452,2303.35,3848.52,1924.26,1355.112676056338,1355.112676056338,64253.0,64253.0,52029.45,43125.59154929577,43125.59154929577,0.0,0.0,0.0,0.0,0.0,0.0,0.0,0.0,0.0,0.0,1.0,0.98,1.21,1.443661971830986,1.443661971830986,24.296,33.212,38.9708,38.886830985915495,38.886830985915495,998.6953500000002,1162.7855,2005.56082,2237.776091549296,2237.776091549296,3step-Turning
11.268,1.0528000000000004,2.2866000000000004,0.6604000000000001,0.01880000000000008,1.36,15.8568,11.451199999999998,8.087466666666666,6.4056,9411.2,3764.48,4168.96,7449.606666666667,17990.21,0.0,4907.28,3416.08,2277.3866666666668,1708.04,36039.15,52807.46,53829.48,49994.86,37563.61,0.0,0.0,0.0,0.0,0.0,0.0,0.0,0.0,0.0,0.0,2.0,1.94,2.47,2.546666666666667,2.91,38.8915,47.499399999999994,61.8969,68.69406666666667,71.6687,1526.86245,1243.8338800000001,1721.7097600000002,1885.5386000000003,1964.971565,3step-Turning
-15.694999999999999,-9.3844,-4.7014,-4.990359712230216,-4.990359712230216,23.2915,22.458399999999997,11.9092,8.949352517985611,8.949352517985611,0.0,0.0,8675.84,13479.136690647481,13479.136690647481,7423.95,7141.9,3570.95,2569.028776978417,2569.028776978417,64253.0,64253.0,45752.3,35780.647482014385,35780.647482014385,0.75,0.3,0.15,0.1079136690647482,0.1079136690647482,0.0,0.0,0.0,0.0,0.0,1.0,0.64,0.77,0.8345323741007195,0.8345323741007195,15.111500000000001,30.021,36.2508,36.22906474820144,36.22906474820144,1009.5503500000001,1199.98404,1999.4865099999997,2176.3670503597123,2176.3670503597123,3step-Turning
-0.3110000000000001,0.22719999999999996,-0.462,-0.15080000000000002,-0.9158,15.916000000000002,13.252,10.6139,7.529266666666666,5.98695,0.0,0.0,4854.4,13908.606666666667,16738.06,4927.9,4025.86,3132.79,2088.5266666666666,1566.395,64253.0,63409.48,53352.02,37265.05333333334,35376.15,0.0,0.0,0.0,0.0,0.0,0.0,0.0,0.0,0.0,0.0,1.45,2.08,3.04,3.36,3.335,47.53,55.6114,66.4994,70.5256,72.3146,942.64085,1010.3141400000001,1430.4224100000001,1669.4394933333333,1876.51554,3step-Turning
-13.020000000000001,-3.4396000000000004,-1.8028,-1.105985401459854,-1.105985401459854,4.254,6.199199999999999,3.7796,3.126131386861314,3.126131386861314,6476.8,3595.52,19167.47,20198.75182481752,20198.75182481752,979.75,1638.32,819.16,597.92700729927,597.92700729927,46025.85,55182.04,27804.33,26584.82481751825,26584.82481751825,0.0,0.0,0.0,0.0,0.0,0.0,0.0,0.0,0.0,0.0,0.95,0.7,1.35,1.3211678832116789,1.3211678832116789,36.2035,41.97820000000001,42.2167,41.144233576642335,41.144233576642335,1483.2391499999999,1678.07476,1873.2646,2080.455927007299,2080.455927007299,3step-Turning
-6.5280000000000005,1.8956,-0.39680000000000004,-0.13506666666666672,-0.2916,12.3575,20.81,14.4212,10.067466666666668,8.88885,0.0,0.0,0.0,2870.6133333333332,2632.64,3723.2,6584.22,4421.6,2947.733333333333,2548.75,64253.0,64253.0,64253.0,56509.50666666667,57543.3,0.0,0.0,0.0,0.0,0.0,0.0,0.0,0.0,0.0,0.0,2.0,2.0,2.22,2.48,2.33,22.216,35.4324,48.3024,55.268733333333344,60.9772,908.6817500000001,919.37738,1024.58072,1480.4415733333333,1483.81784,3step-Turning
-2.623,4.568,1.2225999999999997,-0.028800000000000228,0.7694736842105261,7.6579999999999995,12.031600000000001,9.5179,6.7986,6.1307017543859645,0.0,0.0,3203.2,12179.3,15151.040935672514,2133.0,3613.28,2762.02,1841.3466666666666,1615.2163742690059,64253.0,64253.0,57761.25,39496.92,35842.38596491228,1.0,0.52,0.26,0.17333333333333334,0.15204678362573099,0.0,0.0,0.0,0.0,0.0,0.6,0.24,0.38,0.5866666666666667,0.6374269005847953,22.932,28.4752,39.246,41.818466666666666,41.414912280701756,963.2846000000002,1064.84784,1862.13481,2381.2621799999997,2435.330245614035,3step-Turning
-1.078,-4.505599999999999,-1.2556,-1.1770666666666667,-1.1378,1.36,1.36,1.36,1.36,1.36,2787.2,6411.52,5937.28,7149.046666666667,13280.155,0.0,0.0,0.0,0.0,0.0,17568.55,17628.22,18103.14,26180.666666666668,21235.585,0.8,0.32,0.16,0.10666666666666667,0.08,0.0,0.0,0.0,0.0,0.0,2.0,2.0,2.0,2.0866666666666664,2.315,48.6265,50.42979999999999,52.8853,55.80933333333333,57.1529,1840.9157500000001,2264.09836,2252.38869,2128.0268466666666,2138.033575,Overtaking
-7.514000000000001,-3.8876000000000004,-1.3252000000000002,-2.3445333333333336,-1.1832,1.36,1.36,1.36,1.36,1.36,19622.4,23274.24,24945.28,22833.493333333332,20916.48,0.0,0.0,0.0,0.0,0.0,8879.0,8841.76,9385.38,10612.986666666666,13387.74,1.0,1.0,0.94,0.6266666666666667,0.47,0.0,0.0,0.0,0.0,0.0,3.0,3.0,3.0,3.0,2.77,53.2005,52.705600000000004,51.57640000000001,50.93646666666667,51.116099999999996,1879.0163499999999,1863.44902,1824.1661,1879.084066666667,1964.8127650000001,Overtaking
-6.277,-3.1067999999999993,-1.6982,-1.0769333333333333,-1.4616,1.36,1.36,1.36,1.36,1.36,24886.75,18558.86,12981.83,10062.553333333333,8079.395,0.0,0.0,0.0,0.0,0.0,2553.9,3354.92,4705.42,12708.52,10701.635,1.0,0.9,0.45,0.3,0.225,0.0,0.0,0.0,0.0,0.0,2.0,2.0,2.0,2.06,2.295,46.748000000000005,46.806000000000004,48.17679999999999,50.9874,54.109750000000005,2264.498,2262.1040599999997,2322.36049,2092.97508,2120.2038900000002,Overtaking
6.128,-0.8407999999999999,-1.8232,-0.9893333333333334,-1.4278391959798995,1.36,7.1638,5.910900000000001,4.393933333333334,3.6468844221105527,26105.6,11056.64,6366.08,8298.24,9136.884422110552,0.0,1964.68,1540.66,1027.1066666666666,774.2010050251256,17475.65,33896.16,35958.96,28961.266666666666,27900.045226130653,1.0,0.58,0.29,0.19333333333333333,0.1457286432160804,0.0,0.0,0.0,0.0,0.0,2.0,2.0,1.95,2.3,2.386934673366834,37.11450000000001,39.83,47.9059,52.364000000000004,55.22572864321608,2298.7575,1603.4253999999999,1615.9943300000002,1786.0894066666665,1829.0503417085426,Overtaking
-3.08,-2.0752,-0.9456,-1.4174666666666667,-1.1447,1.36,1.36,1.36,1.36,1.36,12598.4,16006.4,15679.36,11095.466666666667,8772.8,0.0,0.0,0.0,0.0,0.0,0.0,0.0,0.0,0.0,0.0,1.0,0.48,0.24,0.16,0.12,0.0,0.0,0.0,0.0,0.0,2.0,2.0,2.0,2.0,2.0,44.592,44.7046,44.8517,46.391933333333334,49.48455,2151.5104499999998,2160.06372,2166.75679,2235.4330200000004,2380.684255,Overtaking
-9.665,-5.6556,-3.4418,-3.8309333333333333,-2.2403,1.36,1.36,1.36,1.36,1.36,44955.95,44718.84,38200.75,28726.9,21545.175,0.0,0.0,0.0,0.0,0.0,0.0,0.0,0.0,0.0,0.0,1.0,0.94,0.47,0.31333333333333335,0.235,0.0,0.0,0.0,0.0,0.0,2.0,2.0,2.0,2.0,2.0,62.122,58.19740000000001,52.85900000000001,50.85613333333333,51.94105,3039.51175,2847.49118,2578.9759900000004,2470.97652,2514.4066199999997,Overtaking
-14.875,-7.387199999999999,-3.6426,-3.469142857142857,-3.469142857142857,1.36,1.36,1.36,1.36,1.36,31438.1,28984.84,22923.14,21831.561904761904,21831.561904761904,0.0,0.0,0.0,0.0,0.0,0.0,0.0,0.0,0.0,0.0,1.0,1.0,0.61,0.580952380952381,0.580952380952381,0.0,0.0,0.0,0.0,0.0,2.0,2.0,2.0,2.0,2.0,56.845000000000006,55.3622,54.4569,54.55542857142857,54.55542857142857,2762.25155,2687.70538,2635.5231200000003,2638.5413333333336,2638.5413333333336,Overtaking
-5.6129999999999995,-4.7172,-2.823,-2.538333333333333,-2.538333333333333,1.36,1.36,1.36,1.36,1.36,29372.95,28474.94,26645.79,25919.435185185186,25919.435185185186,0.0,0.0,0.0,0.0,0.0,0.0,0.0,0.0,0.0,0.0,1.0,0.84,0.42,0.3888888888888889,0.3888888888888889,0.0,0.0,0.0,0.0,0.0,2.0,2.0,2.0,2.0,2.0,57.531000000000006,56.196400000000004,54.1623,53.949629629629634,53.949629629629634,2793.4651000000003,2728.6623200000004,2627.44343,2616.3023055555554,2616.3023055555554,Overtaking
-5.406000000000001,-3.3983999999999996,-1.38,-0.9962666666666666,-2.450614525139665,1.36,1.36,4.2592,3.2928,2.979664804469274,17484.8,6993.92,3496.96,5904.213333333333,9859.217877094972,0.0,0.0,981.71,654.4733333333334,548.4413407821229,21767.3,42616.44,21315.93,20645.746666666666,17300.90502793296,1.0,1.0,0.79,0.5266666666666666,0.441340782122905,0.0,0.0,0.0,0.0,0.0335195530726257,2.0,1.52,1.76,1.8333333333333333,2.022346368715084,48.433499999999995,50.2952,56.691900000000004,63.17519999999999,65.56078212290502,1906.7761500000001,1835.66572,2419.7295,2597.26858,2623.183312849162,Overtaking
0.0,-0.3500000000000001,-0.35,-0.3416,-0.7295,1.36,1.36,1.36,5.080733333333334,4.15055,20688.0,19750.4,20836.48,13890.986666666666,11181.12,0.0,0.0,0.0,1259.6933333333334,944.77,4051.2,4115.84,9702.92,27868.36,33713.8,0.0,0.0,0.0,0.0,0.0,0.0,0.0,0.0,0.0,0.0,2.0,2.0,2.0,2.0,1.98,40.2,39.4756,38.2095,41.9768,46.8679,1947.5362999999998,1911.36138,1878.24564,1630.2115866666668,1706.75833,Overtaking
-2.06,-2.06,0.6598,-0.7245333333333333,-0.8015000000000001,1.36,1.36,1.36,1.36,1.36,0.0,11027.24,22884.22,22531.5,25764.365,0.0,0.0,0.0,0.0,0.0,2059.35,1756.64,1714.8,8284.653333333334,6237.59,0.0,0.0,0.0,0.0,0.0,0.0,0.0,0.0,0.0,0.0,2.0,2.0,2.0,1.8733333333333333,1.655,39.933499999999995,40.5506,37.0912,34.0068,29.912000000000003,1917.5627500000003,1959.02932,1799.0883200000003,1764.2983866666664,1645.687565,Stopping
-1.02,1.2552,-0.1352,0.08653333333333334,-0.1866,1.36,1.36,1.36,1.36,1.36,2217.6,13941.76,16393.15,23824.02666666667,24800.59,0.0,0.0,0.0,0.0,0.0,52186.55,28843.5,28392.25,19257.97333333333,19981.27,0.0,0.0,0.0,0.0,0.0,0.0,0.0,0.0,0.0,0.0,1.4,2.36,2.33,2.22,2.07,57.2975,58.0942,58.012,56.55573333333332,53.658150000000006,1590.4503,1869.45202,2045.7639800000002,2236.642913333333,2331.8271,Stopping
-1.02,-1.02,-0.7038000000000001,-0.46919999999999995,-0.51,1.36,1.36,1.36,1.36,1.36,5654.4,26278.2,34544.51,31896.36,32393.195,0.0,0.0,0.0,0.0,0.0,52160.35,25034.26,14420.0,16449.02,14122.23,0.0,0.0,0.0,0.0,0.0,0.0,0.0,0.0,0.0,0.0,3.5,4.4,4.7,4.36,4.27,60.7255,61.2072,60.0696,59.7844,58.99059999999999,1426.70885,1398.2825999999998,1347.32716,1449.24508,1472.2467100000001,Stopping
-2.06,-2.9044,-1.1638,-1.1446666666666667,-0.9508,1.36,1.36,1.36,1.36,1.36,13545.6,20258.56,22680.96,23168.0,23905.92,0.0,0.0,0.0,0.0,0.0,29121.05,14278.76,9235.76,7595.153333333334,7101.45,0.0,0.0,0.0,0.0,0.0,0.0,0.0,0.0,0.0,0.0,4.0,4.0,4.0,4.0,4.0,59.855999999999995,59.9736,59.888200000000005,59.84986666666668,59.765299999999996,1599.10765,1618.57952,1621.63959,1622.33276,1621.08623,Stopping
-3.496,-3.19,-0.9359999999999999,-0.964,-0.978,1.36,1.36,1.36,1.36,1.36,47162.75,43173.24,37284.45,37088.926666666666,32315.755,0.0,0.0,0.0,0.0,0.0,10768.1,14063.94,19640.84,18086.44,22375.86,0.0,0.0,0.0,0.0,0.0,0.0,0.0,0.0,0.0,0.0,5.0,5.0,4.22,4.1466666666666665,3.95,65.757,64.9158,65.0475,64.03699999999999,63.700450000000004,1433.8468,1558.1826800000001,1724.45291,1994.3703333333333,2034.3682700000002,Stopping
1.9560000000000002,-0.7164,-0.37720000000000004,-0.9848,-0.4921,5.8565000000000005,3.1586000000000003,5.3436,4.015733333333333,3.3518,0.0,4363.52,3379.84,15460.3,24365.725,1522.75,609.1,1348.6,899.0666666666667,674.3,64253.0,52287.72,55634.14,42587.92,33322.19,0.0,0.0,0.0,0.0,0.0,0.0,0.0,0.0,0.0,0.0,2.0,2.0,1.69,1.46,1.345,50.374,51.9002,55.814899999999994,60.18580000000001,62.466049999999996,1412.30525,2050.68478,1963.47973,2855.36396,3335.1849700000002,Stopping
-1.9560000000000002,-2.0184,-0.8862000000000001,-1.2430666666666668,-0.7644705882352941,4.519,6.958200000000001,4.1591000000000005,3.2260666666666666,3.006529411764706,0.0,26.88,5159.17,16314.626666666667,18307.535294117646,1069.75,1895.32,947.66,631.7733333333333,557.4470588235295,64253.0,61922.46,50193.77,38027.24,36029.74705882353,0.0,0.0,0.0,0.0,0.0,0.0,0.0,0.0,0.0,0.0,1.15,2.26,2.33,2.22,2.1941176470588237,48.223,53.6814,57.6858,58.58093333333334,58.25758823529412,1080.0185000000001,1390.1801999999998,2056.10036,2644.2715933333334,2732.6024117647057,Stopping
0.41100000000000003,-1.0716,-1.1914,-1.5474666666666668,-0.6562,1.36,1.36,1.36,1.36,1.36,2272.0,16099.24,23993.06,24300.013333333332,24057.375,0.0,0.0,0.0,0.0,0.0,50904.2,38087.82,24637.47,23814.326666666668,25413.835,0.0,0.0,0.0,0.0,0.0,0.0,0.0,0.0,0.0,0.0,2.85,3.06,3.53,3.6866666666666665,3.39,69.578,70.8078,70.4783,70.1256,70.4272,1712.39115,1981.11212,1944.9348799999998,2031.6665133333331,2175.8997099999997,Stopping
0.0,-1.0272,-1.8184,-0.4025333333333334,-1.3622,3.2954999999999997,2.1342000000000003,1.7471,1.6180666666666668,1.5535500000000002,11507.6,24308.22,24360.67,30235.726666666666,31143.365,655.35,262.14,131.07,87.38,65.535,40688.2,18854.28,21631.15,16751.6,16021.12,0.0,0.0,0.0,0.0,0.0,0.0,0.0,0.0,0.0,0.0,4.0,4.0,3.68,3.453333333333333,3.325,85.2855,85.33980000000001,84.8946,84.32906666666666,82.589,2151.7277999999997,2255.18264,2314.36877,2550.6581333333334,2585.3272899999997,Stopping
1.135,-2.2636,0.17400000000000004,-1.4267999999999998,-0.7562000000000001,1.36,1.36,1.36,1.36,1.36,28299.9,38112.96,33907.33,28431.446666666667,29423.49,0.0,0.0,0.0,0.0,0.0,26416.3,10566.52,6764.16,15603.26,14239.0,0.0,0.0,0.0,0.0,0.0,0.0,0.0,0.0,0.0,0.0,3.8,3.92,3.96,3.526666666666667,3.395,80.82900000000001,79.5942,78.34729999999999,78.61153333333334,78.2756,2284.53625,2203.7293,2143.3972799999997,2282.827386666667,2482.980515,Stopping
1.904,-2.3451999999999997,-1.0293999999999999,-1.3716000000000002,-0.6698999999999999,1.36,7.9075999999999995,4.633800000000001,3.542533333333333,2.9969,102.4,40.96,2946.56,11666.173333333334,20130.75,0.0,2216.58,1108.29,738.86,554.145,62925.0,51589.62,47675.81,42362.78,35127.24,0.0,0.0,0.0,0.0,0.0,0.0,0.0,0.0,0.0,0.0,0.75,1.5,1.83,1.86,1.895,54.64649999999999,59.306799999999996,66.08760000000001,69.52213333333333,69.62875,943.8507,1012.1691599999999,1533.5062,2247.5950533333335,2776.4680550000003,Stopping
-2.571,-3.0483999999999996,-0.8667999999999999,-1.5566666666666664,-1.1320999999999999,1.8530000000000002,1.5572,1.4586000000000001,1.4257333333333335,1.4093,259.2,14547.2,18139.85,21285.366666666665,25533.065,167.0,66.8,33.4,22.266666666666666,16.7,58420.9,25813.6,28310.78,27227.06,22549.885,0.0,0.0,0.0,0.0,0.0,0.0,0.0,0.0,0.0,0.0,1.75,2.5,2.21,2.1,1.825,63.459500000000006,63.897999999999996,64.5159,62.86860000000001,60.82335,1836.2586000000003,2089.2443399999997,2566.84497,2716.4116200000003,3040.114645,Stopping
-1.391,1.1508,0.4011999999999999,-0.11813333333333337,-0.4839,1.36,1.36,1.36,1.36,1.36,7014.4,17673.1,19897.76,29144.593333333334,33621.51,0.0,0.0,0.0,0.0,0.0,42439.1,34716.2,33873.14,25050.213333333333,21043.805,0.0,0.0,0.0,0.0,0.0,0.0,0.0,0.0,0.0,0.0,2.4,2.88,2.9,2.933333333333333,2.95,79.3745,80.6346,81.3887,80.22200000000001,77.2253,1783.2002499999999,2065.82054,2357.0163100000004,2496.51004,2479.9056699999996,Stopping
-1.0779999999999998,-0.43119999999999997,-0.2156,-0.7807999999999999,-0.3275999999999999,1.36,1.36,1.36,1.36,1.36,33184.55,37448.02,30513.34,31146.593333333334,28178.825,0.0,0.0,0.0,0.0,0.0,9012.65,3605.06,13638.49,9208.833333333334,13570.38,0.0,0.0,0.0,0.0,0.0,0.0,0.0,0.0,0.0,0.0,4.0,4.0,3.56,3.3733333333333335,3.165,71.91600000000001,70.8126,69.9979,69.2442,68.39229999999999,1978.9764,1938.5179999999998,1997.92856,2132.0605399999995,2178.1883599999996,Stopping
-5.143,-0.6392000000000001,-1.4120000000000001,-0.7982666666666667,-0.6799000000000001,1.36,1.36,1.36,1.36,1.36,38073.85,40757.72,28084.65,30770.2,28610.305,0.0,0.0,0.0,0.0,0.0,16474.05,11030.56,22678.86,20575.4,21642.94,0.0,0.0,0.0,0.0,0.0,0.0,0.0,0.0,0.0,0.0,3.0,3.0,2.83,3.22,3.065,72.141,69.8466,69.4289,69.06086666666666,69.0074,2693.2343,2533.57614,2214.52268,2117.9754199999998,2175.484945,Stopping
3.08,1.6427999999999998,0.10139999999999948,-0.5015999999999998,-0.2831000000000001,3.0475000000000003,2.035,1.6975,1.585,1.5287500000000003,0.0,0.0,6030.72,8443.506666666666,17135.83,571.75,228.7,114.35,76.23333333333333,57.175,63401.8,33795.88,23274.73,29116.266666666666,24612.135,0.0,0.0,0.0,0.0,0.0,0.0,0.0,0.0,0.0,0.0,1.4,2.36,2.68,2.4133333333333336,2.31,64.80499999999999,66.7628,69.606,71.79106666666667,72.12599999999999,1654.16825,2086.3657000000003,2376.89901,2530.4434133333334,2790.80108,Turnings
-3.08,0.7468,-0.8094000000000001,-1.1506666666666667,-0.5124,1.36,1.36,1.36,1.36,1.36,23452.8,22083.84,23116.35,25688.84,27298.66,0.0,0.0,0.0,0.0,0.0,11911.85,15895.48,19184.86,17388.5,18136.22,0.75,0.3,0.15,0.1,0.075,0.0,0.0,0.0,0.0,0.0,3.0,3.0,2.45,2.3,2.005,71.41900000000001,71.79979999999999,72.56269999999999,71.30706666666666,70.7569,2738.8694,2756.2257400000003,3091.21476,3186.5008999999995,3556.3025,Turnings
0.0,0.0,-0.7396,-0.4930666666666667,0.5032926829268293,29.637999999999998,22.487,11.9235,8.402333333333333,7.801158536585366,0.0,0.0,12854.12,19874.81333333333,22616.76219512195,9573.05,7152.22,3576.11,2384.0733333333333,2180.5548780487807,64253.0,64253.0,39716.08,34935.41333333333,32074.158536585364,0.0,0.0,0.0,0.0,0.0,1.0,1.0,0.79,0.5266666666666666,0.4817073170731707,1.0,1.04,1.52,1.4333333333333333,1.396341463414634,45.0895,56.3608,62.3913,63.6992,63.172743902439024,1120.1374,1484.0701800000002,2365.95687,3039.2413,3141.7585487804877,Turnings
-3.08,-2.3408,-1.2726,-0.6902666666666666,-0.9385000000000001,3.5520000000000005,2.2368,1.7984,1.6522666666666668,1.5792000000000002,5728.0,16977.92,23616.38,23284.48,25585.68,742.1,296.84,148.42,98.94666666666667,74.21,44052.45,24251.54,18625.22,22753.433333333334,19549.9,0.0,0.0,0.0,0.0,0.0,1.0,1.0,0.67,0.44666666666666666,0.335,3.0,3.0,3.0,2.7466666666666666,2.56,72.6035,73.01580000000001,72.63770000000001,72.44513333333333,71.6476,2302.3304,2475.43316,2771.38109,2858.1728933333334,2984.68201,Turnings
-3.649,-4.5436000000000005,-2.1394,-0.8566666666666667,-1.2389999999999999,1.3785000000000003,1.3674000000000002,1.3637000000000001,1.362466666666667,1.36185,0.0,4837.12,9231.36,13008.58,20425.005,6.4,2.56,1.28,0.8533333333333334,0.64,64253.0,34060.22,17030.11,19539.82,14868.17,1.0,0.76,0.38,0.25333333333333335,0.19,0.0,0.0,0.0,0.0,0.0,1.35,2.34,2.67,2.526666666666667,2.395,70.9115,72.3884,74.6122,76.36493333333333,75.85495,1596.8472,2146.89202,2425.7245,2679.45682,2916.2987300000004,Turnings
-2.978,-2.772,-2.4160000000000004,-1.2300787401574802,-1.2300787401574802,4.641,2.6724,2.0162,1.8766929133858268,1.8766929133858268,0.0,7133.44,12288.64,16836.425196850392,16836.425196850392,1111.45,444.58,222.29,175.03149606299212,175.03149606299212,64243.4,32873.72,26402.41,24513.582677165356,24513.582677165356,0.0,0.0,0.0,0.0,0.0,1.0,0.5,0.25,0.1968503937007874,0.1968503937007874,1.2,1.68,1.84,1.6377952755905512,1.6377952755905512,58.041999999999994,59.352799999999995,60.3639,60.46228346456693,60.46228346456693,1936.6391499999997,2507.25798,2746.1708300000005,3095.4585590551183,3095.4585590551183,Turnings
-1.549,2.094,-0.30060000000000003,0.1212,0.08209302325581394,16.503,17.8898,9.6267,6.871133333333334,6.166220930232558,0.0,0.0,12416.19,15354.44,18885.441860465115,5126.95,5596.0,2798.64,1865.76,1627.1162790697674,64253.0,64253.0,38746.44,34113.60666666667,29865.226744186046,1.0,1.0,0.87,0.6466666666666666,0.563953488372093,0.0,0.0,0.0,0.0,0.0,1.0,1.04,1.52,1.4733333333333334,1.4127906976744187,37.935500000000005,46.2998,53.9138,55.971999999999994,55.79744186046511,1070.14965,1363.2167599999998,2134.09689,2639.93948,2814.8013023255817,Turnings
1.02,0.5712,-1.1234,-1.0869333333333333,-0.42379999999999995,1.36,1.36,1.36,1.36,1.36,25273.6,13018.88,20803.99,22427.8,21861.49,0.0,0.0,0.0,0.0,0.0,9791.6,32773.68,16717.72,12611.72,16150.415,0.0,0.0,0.0,0.0,0.0,1.0,0.5,0.25,0.16666666666666666,0.125,2.0,1.82,2.41,2.6066666666666665,2.495,64.4245,65.7492,66.68910000000001,66.2088,66.1723,3135.94455,2476.5061,2435.95403,2396.2028933333336,2510.97897,Turnings
3.193,-1.1536,-0.1154000000000001,-0.4060000000000001,-0.9889000000000001,15.129,6.8675999999999995,4.1138,3.195866666666667,2.7369,0.0,12115.46,30405.62,33498.13333333333,35809.835,4661.25,1864.5,932.25,621.5,466.125,64253.0,47351.62,23824.86,21136.993333333332,19603.095,1.0,1.0,0.55,0.36666666666666664,0.275,0.0,0.0,0.0,0.0,0.0,0.0,1.0,1.5,1.6666666666666667,1.515,85.2055,86.1684,83.23049999999999,78.741,76.36825,1895.2171999999998,3029.9572,3478.2698499999997,3452.0854600000002,3765.930515,Turnings
4.273,-2.0772000000000004,-0.8301999999999999,-4.184933333333333,1.3918000000000001,17.157500000000002,9.4094,5.3847000000000005,4.0431333333333335,3.37235,0.0,1761.28,15053.71,20253.926666666666,24366.21,5348.7,2725.42,1362.71,908.4733333333334,681.355,64253.0,57255.5,32998.11,26881.613333333335,20161.21,0.0,0.5,0.25,0.16666666666666666,0.125,0.0,0.0,0.0,0.0,0.0,0.9,1.56,1.78,1.5266666666666666,1.395,34.878499999999995,39.6164,39.873000000000005,37.80553333333333,32.60365,1120.04525,1472.74078,1743.0912700000001,1999.7483333333332,1811.00682,U-Turnings
-66.632,-34.7428,-19.60657894736842,-19.60657894736842,-19.60657894736842,13.056999999999999,6.0388,4.438157894736842,4.438157894736842,4.438157894736842,0.0,616.96,5640.421052631579,5640.421052631579,5640.421052631579,3960.85,1584.34,1042.328947368421,1042.328947368421,1042.328947368421,64253.0,60028.94,47962.80263157895,47962.80263157895,47962.80263157895,1.0,0.62,0.40789473684210525,0.40789473684210525,0.40789473684210525,0.0,0.0,0.0,0.0,0.0,1.0,1.0,1.0,1.0,1.0,23.1,25.3642,26.507368421052632,26.507368421052632,26.507368421052632,1107.81185,1454.9805999999999,1802.582802631579,1802.582802631579,1802.582802631579,U-Turnings
4.993,-4.0544,-1.7082,-0.2533333333333333,-0.16999999999999993,30.133499999999998,33.5044,17.4322,12.0748,9.3961,0.0,0.0,7225.72,23305.506666666668,29909.755,9740.15,10881.22,5440.61,3627.0733333333333,2720.305,64253.0,64253.0,55218.25,37112.78,28384.19,0.0,0.0,0.0,0.0,0.0,1.0,1.0,1.0,0.98,0.735,1.9,2.08,2.59,3.06,3.295,41.5855,60.0692,72.2345,75.23926666666667,75.05225,1178.75595,1644.4785000000002,1940.55155,2035.21472,2035.535625,U-Turnings
5.715,2.1632,2.920655737704918,2.920655737704918,2.920655737704918,1.4165,1.3825999999999998,1.3785245901639345,1.3785245901639345,1.3785245901639345,1737.6,26016.68,28321.639344262294,28321.639344262294,28321.639344262294,19.25,7.7,6.311475409836065,6.311475409836065,6.311475409836065,62025.8,26765.98,21939.32786885246,21939.32786885246,21939.32786885246,0.0,0.0,0.0,0.0,0.0,0.0,0.0,0.0,0.0,0.0,1.15,1.66,1.721311475409836,1.721311475409836,1.721311475409836,33.393,31.858400000000003,30.795409836065573,30.795409836065573,30.795409836065573,1860.9527000000003,1662.17258,1590.8210163934425,1590.8210163934425,1590.8210163934425,U-Turnings
-7.872,-14.187199999999997,-4.8782,-2.539333333333333,-2.4862999999999995,1.36,21.4872,14.3084,9.992266666666668,7.834200000000001,4489.6,1795.84,11858.55,20647.153333333332,23741.095,0.0,6813.04,4383.11,2922.0733333333333,2191.555,55589.9,60787.76,46293.07,32581.793333333335,29375.84,0.0,0.0,0.0,0.0,0.0,0.0,0.2,0.6,0.46,0.345,1.15,1.9,2.59,3.06,3.13,33.36,45.1158,61.4561,66.21233333333333,68.13215,959.8574999999998,1058.1171199999999,1506.85432,1692.6259466666666,1881.374185,U-Turnings
-11.43,-1.0536000000000003,-1.818545454545455,-1.818545454545455,-1.818545454545455,1.36,1.36,1.36,1.36,1.36,37065.85,36974.14,36892.25454545455,36892.25454545455,36892.25454545455,0.0,0.0,0.0,0.0,0.0,10841.9,10349.1,10445.6,10445.6,10445.6,0.75,0.3,0.2727272727272727,0.2727272727272727,0.2727272727272727,0.0,0.0,0.0,0.0,0.0,2.0,2.0,2.0,2.0,2.0,28.351999999999997,25.3694,24.913090909090908,24.913090909090908,24.913090909090908,1382.5868999999998,1236.73506,1229.477781818182,1229.477781818182,1229.477781818182,U-Turnings
-5.502,-3.148,-2.5534,-1.3466666666666667,-0.6908,2.6305,4.7412,3.0506,2.4870666666666668,2.2053,0.0,0.0,3547.52,10873.386666666667,16700.865,430.5,1144.9,572.45,381.6333333333333,286.225,64253.0,63839.56,57253.42,45048.3,40317.815,0.0,0.0,0.0,0.0,0.0,0.0,0.0,0.0,0.14,0.13,1.25,2.66,3.12,3.7466666666666666,3.77,47.9125,51.8062,55.317299999999996,57.74033333333334,59.223800000000004,1063.99455,1330.9669800000001,1490.3070099999998,1721.7648533333331,1779.3400649999999,U-Turnings
3.184,1.6247999999999998,-0.4114,0.5949333333333333,-0.374367816091954,6.1805,5.5988,3.4794000000000005,2.772933333333334,2.5780459770114943,0.0,0.0,9805.44,11940.693333333333,14128.183908045978,1631.95,1435.3,717.65,478.43333333333334,412.4425287356322,64253.0,64253.0,42474.2,36787.81333333333,33167.011494252874,1.0,1.0,0.8,0.5333333333333333,0.45977011494252873,0.0,0.0,0.0,0.0,0.0,1.0,0.96,1.48,1.3466666666666667,1.2988505747126438,28.4,33.3544,35.832300000000004,36.7254,36.265402298850574,1066.8663000000001,1341.6336600000002,1827.53813,2098.977233333333,2144.996327586207,U-Turnings
-0.3049999999999997,-7.346799999999999,-0.8408,-1.6168,-0.6679999999999999,28.304000000000002,21.061999999999998,11.210999999999999,7.9273333333333325,6.2855,0.0,1276.16,10605.04,28319.366666666665,32905.89,9120.2,6669.1,3334.55,2223.0333333333333,1667.275,64253.0,61728.84,51270.66,35911.28666666667,29536.17,0.0,0.0,0.0,0.0,0.0,0.0,0.0,0.24,0.16,0.12,1.25,2.3,2.6,3.066666666666667,3.3,46.3485,59.001400000000004,65.9739,66.11213333333333,64.08375,1096.0135,1317.8366199999998,1596.5131,1671.51422,1687.875,U-Turnings
-1.0279999999999998,-3.9495999999999998,-4.735,-2.902905982905983,-2.902905982905983,8.703999999999999,4.2976,2.8287999999999998,2.6153846153846154,2.6153846153846154,0.0,11118.44,23722.16,21800.957264957266,21800.957264957266,2486.45,994.58,497.29,425.03418803418805,425.03418803418805,64253.0,45118.32,28792.63,31151.62393162393,31151.62393162393,0.0,0.0,0.0,0.0,0.0,0.0,0.0,0.0,0.0,0.0,2.0,2.0,2.0,1.9487179487179487,1.9487179487179487,44.388,45.450199999999995,42.2531,41.38213675213675,41.38213675213675,1495.33915,1973.4402799999998,2133.2272399999997,2188.6928205128206,2188.6928205128206,U-Turnings
0.1530000000000002,0.14280000000000004,-0.18359999999999999,-0.4624000000000001,-0.5457,26.403999999999996,11.3776,6.3688,4.6992,3.8644,0.0,4541.44,14178.56,17692.586666666666,19097.28,8477.65,3391.06,1695.53,1130.3533333333332,847.765,64253.0,45463.7,22731.85,15154.566666666668,11365.925,0.0,0.0,0.0,0.0,0.0,0.0,0.0,0.0,0.0,0.0,1.5,2.68,3.34,3.56,3.67,52.044999999999995,54.472,55.766099999999994,55.97033333333333,56.164899999999996,1065.9121499999999,1278.4166400000001,1414.36752,1453.3838,1475.4156600000001,3step-Turning
3.6519999999999997,12.3352,3.2138,1.2042666666666666,-0.4525263157894738,47.4735,37.989200000000004,19.6746,13.569733333333334,10.999263157894738,0.0,3059.2,15461.92,23941.98,23946.821052631578,15609.25,12398.74,6199.37,4132.913333333333,3262.8263157894735,64253.0,55110.44,37949.66,26656.413333333334,27444.715789473685,0.5,0.2,0.1,0.06666666666666667,0.05263157894736842,0.0,0.0,0.0,0.0,0.0,0.0,1.02,1.82,1.88,1.8421052631578947,15.509,32.773599999999995,39.4281,39.7122,37.91742105263158,1055.3286,1296.37588,1500.08421,1658.9774200000002,1721.4759578947367,3step-Turning
-6.894,-1.1728,-1.0586,-0.8704000000000001,-1.0851,47.4945,25.1956,13.2778,9.305200000000001,7.3189,0.0,0.0,1908.48,4998.826666666667,12678.2,15615.75,8068.4,4034.2,2689.4666666666667,2017.1,12919.45,5167.78,2583.89,11063.533333333333,8297.65,0.0,0.0,0.0,0.0,0.0,0.0,0.0,0.0,0.0,0.0,3.0,3.0,3.0,2.98,3.235,38.3415,49.00020000000001,55.782199999999996,59.8604,61.941,1287.6036,1689.35098,1943.0848799999999,1888.8670266666668,1881.1375300000002,3step-Turning
-1.4360000000000002,-1.8104000000000002,-0.6784,-0.7922666666666667,-0.6998979591836735,28.804499999999997,21.7852,11.5726,8.1684,6.570510204081632,0.0,0.0,8188.8,13821.866666666667,17027.938775510203,9290.3,6914.44,3457.22,2304.8133333333335,1763.8877551020407,64253.0,63326.28,31949.03,23713.946666666667,22414.581632653062,0.0,0.0,0.0,0.0,0.0,0.0,0.0,0.0,0.0,0.0,0.45,0.62,1.31,1.54,1.4081632653061225,14.327000000000002,25.483199999999997,30.770599999999998,31.22186666666667,30.267959183673472,1011.34815,1197.13884,1471.08493,1512.8250266666666,1615.226280612245,3step-Turning
0.20699999999999993,0.2684,0.7424000000000001,-0.1769333333333334,-0.6253,22.18,10.7394,6.049699999999999,4.486466666666667,3.70485,0.0,5047.04,13081.96,20229.54,26429.57,7048.0,3175.14,1587.57,1058.38,793.785,63331.4,28345.86,28554.39,19036.26,14277.195,0.0,0.0,0.0,0.0,0.0,0.0,0.0,0.0,0.0,0.0,0.9,2.16,2.65,3.1,3.325,65.8965,70.6944,73.9049,74.58226666666667,73.9504,1820.1600999999998,2276.4494,2194.93281,2152.6299400000003,2106.474815,3step-Turning
0.8750000000000002,1.7084000000000001,0.7612000000000001,0.1225174825174826,0.1225174825174826,8.703999999999999,4.2976,2.8287999999999998,2.387132867132867,2.387132867132867,0.0,9552.64,12906.24,18655.95804195804,18655.95804195804,2486.35,994.54,497.27,347.7412587412587,347.7412587412587,63088.2,27536.2,24258.96,19381.167832167834,19381.167832167834,0.0,0.0,0.0,0.0,0.0,0.0,0.0,0.0,0.0,0.0,0.4,0.76,0.84,1.1888111888111887,1.1888111888111887,37.009499999999996,37.4466,36.6201,35.92713286713287,35.92713286713287,1859.2974000000002,2372.86118,2260.38081,2084.0614545454546,2084.0614545454546,3step-Turning
0.0,0.04080000000000004,-0.46140000000000003,-0.9985333333333334,-0.3275,16.2405,7.312200000000001,4.3361,3.344066666666667,2.84805,2236.8,2131.2,16659.73,28012.18,33945.05,5037.2,2014.88,1007.44,671.6266666666667,503.72,745.25,36061.04,29894.06,19929.373333333333,14947.03,0.0,0.0,0.0,0.0,0.0,0.0,0.0,0.0,0.0,0.0,3.0,1.74,2.43,2.953333333333333,3.215,84.3315,86.94760000000001,89.05199999999999,88.10566666666666,85.85675,2940.8872,2060.08236,2312.6445700000004,2327.8130666666666,2286.91939,3step-Turning
-42.535,0.2035999999999997,-1.8026000000000002,-1.7441333333333333,-1.4218478260869565,62.060500000000005,64.928,33.159099999999995,22.5594,18.642119565217392,0.0,0.0,17370.07,22117.366666666665,25869.592391304348,20546.9,21517.1,10763.69,7175.793333333333,5849.83152173913,64253.0,64253.0,37492.93,30974.253333333334,25250.75,0.0,0.0,0.0,0.0,0.0,0.0,0.0,0.0,0.0,0.0,0.3,0.42,1.71,1.7666666666666666,1.809782608695652,3.0895,21.9664,34.9503,37.83566666666667,37.018152173913045,992.73285,1150.73784,1429.6428,1666.0883666666666,1659.9970652173913,3step-Turning
-41.091,-23.666400000000003,-13.439277108433735,-13.439277108433735,-13.439277108433735,1.36,36.1726,47.54698795180723,47.54698795180723,47.54698795180723,34252.35,14367.82,8655.313253012047,8655.313253012047,8655.313253012047,0.0,11783.3,15633.530120481928,15633.530120481928,15633.530120481928,6537.4,40438.44,49822.06024096385,49822.06024096385,49822.06024096385,0.0,0.0,0.0,0.0,0.0,0.0,0.0,0.0,0.0,0.0,1.0,0.74,0.5903614457831325,0.5903614457831325,0.5903614457831325,1.541,4.2284,19.92277108433735,19.92277108433735,19.92277108433735,331.6452,760.0657000000001,1100.1886024096384,1100.1886024096384,1100.1886024096384,3step-Turning
-333.09499999999997,-206.11720000000003,-109.4514,-74.18213333333333,-55.6827,1.36,1.36,35.2021,35.111333333333334,26.6735,30090.55,31381.3,17252.25,12949.18,17308.375,0.0,0.0,11455.06,11424.38,8568.285,0.0,1196.28,30482.88,35109.206666666665,31288.07,0.0,0.0,0.0,0.0,0.0,0.0,0.0,0.0,0.0,0.0,1.0,1.0,0.68,0.76,0.875,8.347999999999999,4.7976,6.2478,23.029600000000002,32.821999999999996,648.1912500000001,370.131,704.54363,1193.6843066666668,1855.055255,3step-Turning
-3.08,-3.4544000000000006,-2.2118,-1.8798666666666668,-1.3686,135.7415,122.8032,63.9568,43.0912,32.6584,0.0,0.0,13715.79,25389.46,31820.885,45486.0,41106.74,21188.17,14125.446666666667,10594.085,64253.0,64253.0,40608.52,27072.346666666668,20304.26,0.0,0.0,0.0,0.0,0.0,0.0,0.0,0.0,0.0,0.0,0.0,0.0,1.92,2.6133333333333333,2.96,38.355,60.7332,79.9221,85.1012,86.13285000000002,1017.2095499999999,1213.22406,1887.2001500000001,2128.0177733333335,2206.08568,3step-Turning
-282.265,-137.78599999999997,-67.7998,-44.74,-33.6592,1.36,30.891399999999997,25.919700000000002,17.733133333333335,13.639850000000001,33397.05,14270.18,14860.5,18206.226666666666,17659.57,0.0,9995.92,8313.21,5542.14,4156.605,7289.05,40353.56,40314.45,32008.873333333333,36175.33,0.0,0.0,0.0,0.0,0.0,0.0,0.0,0.0,0.0,0.0,1.0,0.74,1.24,1.8266666666666667,1.755,2.147,4.5356,21.924,28.14146666666667,31.28755,377.45290000000006,812.8420600000001,1436.62364,1616.2748866666668,1948.6215650000001,3step-Turning
-1.02,-1.0408,-1.5382,-1.3654666666666668,-1.2791,43.241,25.4382,13.5222,9.468133333333334,7.4411000000000005,0.0,3.84,443.52,3525.12,7021.76,14176.65,8150.72,4117.12,2744.7466666666664,2058.56,64253.0,64253.0,54139.61,36093.073333333334,27069.805,0.5,0.2,0.1,0.06666666666666667,0.05,0.0,0.0,0.0,0.0,0.0,0.0,0.0,1.41,1.94,2.205,33.325,45.6532,52.1929,56.08200000000001,58.7826,926.8729500000002,967.96962,1294.9019500000002,1611.9355933333334,1798.58799,Overtaking
-4.12,-0.47479999999999994,-0.217,-0.10386666666666668,-0.2786,1.36,1.36,1.36,1.4966000000000002,6.3536,20937.6,31182.26,40724.73,38799.37333333334,29099.53,0.0,0.0,0.0,46.25333333333333,1690.405,388.8,424.22,434.51,4238.18,19241.885,0.7,0.28,0.14,0.09333333333333334,0.085,0.0,0.0,0.0,0.0,0.0,2.0,2.0,2.0,2.0,1.54,47.1815,45.10059999999999,38.1035,31.566533333333336,34.282650000000004,2284.87475,2196.2347800000002,1860.95469,1553.4913066666668,1418.8169500000001,Overtaking
-26.366000000000003,-10.1996,-4.9672,-3.6898666666666666,-3.2824,1.36,1.36,1.36,1.36,2.64665,22441.6,21628.16,23573.12,22098.773333333334,16584.32,0.0,0.0,0.0,0.0,435.605,80.0,39.68,2937.38,4634.886666666666,5521.795,1.0,0.62,0.31,0.20666666666666667,0.155,0.0,0.0,0.0,0.0,0.0,2.0,2.0,2.0,2.0,2.0,44.2785,43.629799999999996,41.7971,39.89706666666666,41.41445000000001,2143.89055,2113.46282,2026.7565600000003,1933.0057466666665,1998.5189299999997,Overtaking
-1.02,-1.02,-1.4224,-1.4336,-0.8283000000000001,1.36,1.36,1.36,1.36,4.51025,33321.3,28898.44,27361.22,24203.906666666666,18152.93,0.0,0.0,0.0,0.0,1066.52,0.0,0.0,234.58,418.55333333333334,605.5,0.0,0.0,0.0,0.0,0.0,0.0,0.0,0.0,0.0,0.0,2.0,2.0,2.0,2.0,2.0,44.156,42.2406,39.9026,37.843333333333334,41.16785,2150.0247499999996,2052.25668,1938.2500900000002,1835.2478866666663,1982.893165,Overtaking
-1.02,-1.5816,-1.8207999999999998,-1.2206666666666668,-0.9155,1.36,1.36,1.36,1.36,3.32425,20038.4,17166.08,15626.88,19467.093333333334,16451.84,0.0,0.0,0.0,0.0,664.975,0.0,0.0,0.0,4.693333333333333,26.27,0.35,0.14,0.07,0.04666666666666667,0.035,0.0,0.0,0.0,0.0,0.0,2.0,2.0,2.0,2.0,2.0,47.2825,47.4538,48.2681,47.556,48.20255,2286.5052,2292.7733000000003,2331.74242,2300.9183666666668,2322.333385,Overtaking
-3.08,-2.3408,-1.1704,-0.7802666666666667,-0.8065000000000001,1.36,1.36,1.36,1.36,1.7460499999999999,12083.2,18590.72,21576.96,17824.0,13461.76,0.0,0.0,0.0,0.0,130.74,0.0,0.0,0.0,0.0,0.0,0.0,0.0,0.0,0.0,0.0,0.0,0.0,0.0,0.0,0.0,2.0,2.0,2.0,2.0,2.0,47.966,47.5144,45.6458,44.96353333333333,46.979850000000006,2315.4051,2299.8806600000003,2211.56451,2174.0591866666664,2265.40242,Overtaking
-1.02,-1.02,-1.02,-1.02,-1.02,1.36,1.4206,4.3538,3.355866666666667,2.8569,26476.8,14232.32,7116.16,5087.1466666666665,10528.64,0.0,20.56,1013.82,675.88,506.91,0.0,11785.3,15761.28,23426.326666666668,17687.96,0.0,0.0,0.0,0.0,0.0,0.0,0.0,0.0,0.0,0.0,2.0,2.0,2.37,2.2533333333333334,2.69,39.8415,40.677,46.8051,52.056400000000004,55.29925,1932.08155,1769.6989800000001,1779.62018,1730.1434533333331,1739.523145,Overtaking
-8.799000000000001,-11.195599999999999,-6.1078,-4.411866666666667,-3.5639,1.36,1.36,1.36,1.36,1.7015500000000003,22483.2,17716.48,20387.56,24681.986666666668,23617.495,0.0,0.0,0.0,0.0,115.65,0.0,0.0,0.0,0.0,0.0,0.65,0.84,0.42,0.28,0.21,0.0,0.0,0.0,0.0,0.0,2.0,2.0,2.0,2.0,2.0,51.190999999999995,51.28580000000001,51.4713,49.29813333333333,46.834450000000004,2478.5626,2477.52052,2491.10139,2390.3979,2268.372775,Overtaking
-1.9560000000000002,-1.6440000000000001,-1.159,-0.6888000000000001,-1.0368000000000002,1.36,1.36,5.265699999999999,4.171133333333333,3.54225,30777.6,27147.52,16708.48,11153.066666666668,10999.225,0.0,0.0,1322.2,951.7133333333334,738.84,0.0,0.0,0.0,6.8533333333333335,8652.49,0.0,0.0,0.0,0.0,0.0,0.0,0.0,0.0,0.0,0.0,2.0,2.0,2.0,2.0,2.025,39.644999999999996,38.031,40.1772,46.75966666666667,52.2388,1928.1162499999998,1846.67206,1931.6883300000002,2244.7370066666667,2209.79765,Overtaking
-0.9179999999999999,-0.36719999999999997,0.515,-1.1945333333333332,-0.46879999999999994,1.36,1.36,1.36,1.36,1.36,7152.0,8597.76,12261.12,9113.173333333334,9982.4,0.0,0.0,0.0,0.0,0.0,0.0,0.0,0.0,0.0,0.0,0.0,0.0,0.0,0.0,0.0,0.0,0.0,0.0,0.0,0.0,2.0,2.0,2.0,2.0,2.0,46.961,48.31620000000001,49.2083,51.53966666666667,54.128299999999996,2259.668,2326.837,2372.39844,2480.9054133333334,2606.093835,Overtaking
-1.02,-1.02,-1.02,-1.3650666666666667,-0.30329999999999996,1.36,1.36,1.36,1.36,1.36,22503.85,32837.74,31965.99,32081.533333333333,35893.58,0.0,0.0,0.0,0.0,0.0,0.0,0.0,1334.45,9759.38,7319.535,0.0,0.0,0.0,0.0,0.0,0.0,0.0,0.0,0.0,0.0,2.0,2.0,2.0,1.7133333333333334,1.535,55.6145,52.843199999999996,48.236999999999995,44.678133333333335,37.0811,2699.8593499999997,2573.58556,2354.7103100000004,2445.205066666667,2097.227885,Stopping
0.876,-0.2616,-0.6102000000000001,-1.2148,-1.1661,24.287,10.5308,5.945399999999999,4.416933333333333,3.6527,0.0,18277.06,24701.91,27783.113333333335,31756.885,7761.25,3104.5,1552.25,1034.8333333333333,776.125,38248.05,15299.22,7649.61,10501.026666666667,11323.595,0.0,0.0,0.0,0.0,0.0,0.0,0.0,0.0,0.0,0.0,1.95,2.58,2.79,2.78,2.545,65.66499999999999,67.3232,66.711,64.26786666666666,61.637950000000004,2122.22575,2304.23074,2323.82606,2270.4350666666664,2385.564875,Stopping
1.698,-0.20160000000000003,-1.52,-1.0541333333333334,-0.7026,5.904000000000001,3.1776,2.2688,1.9658666666666667,1.8144,0.0,15824.34,27562.82,31225.48,32650.8,1538.7,615.48,307.74,205.16,153.87,60758.6,25363.56,12681.78,8454.52,6340.89,0.0,0.0,0.0,0.0,0.0,0.0,0.0,0.0,0.0,0.0,2.6,3.44,3.72,3.8133333333333335,3.86,71.15899999999999,71.88900000000001,71.0085,69.53,67.81805,1511.56395,1784.13228,1848.0683999999999,1837.1207200000001,1804.80313,Stopping
0.0,1.0504,-0.5524,-0.7374666666666667,-0.6567000000000001,1.36,1.36,1.36,1.36,1.36,38708.55,40564.8,36500.13,36013.48,36619.85,0.0,0.0,0.0,0.0,0.0,459.4,183.76,91.88,61.25333333333333,45.94,0.0,0.0,0.0,0.0,0.0,0.0,0.0,0.0,0.0,0.0,4.0,4.0,4.0,4.0,4.0,76.071,74.7514,73.3386,72.10466666666666,70.7017,2075.98375,2039.28946,1998.58411,1964.6671733333333,1926.64738,Stopping
-1.02,-1.02,-1.3112000000000001,-1.2148,-1.0142,1.36,1.36,1.36,1.36,1.36,45736.85,46061.62,42025.87,40627.88,41125.985,0.0,0.0,0.0,0.0,0.0,1757.2,702.88,351.44,234.29333333333332,175.72,0.0,0.0,0.0,0.0,0.0,0.0,0.0,0.0,0.0,0.0,4.0,4.0,4.0,4.0,4.0,84.57,82.8546,80.86059999999999,79.31226666666667,77.43125,2310.9078999999997,2262.83738,2206.12104,2163.489626666667,2112.29924,Stopping
-2.6719999999999997,0.04079999999999998,-1.1434,-0.9813333333333333,-1.1058,33.0945,15.4274,8.3937,6.049133333333333,4.87685,0.0,5047.04,22698.5,31766.433333333334,37269.85,10742.45,4762.14,2381.07,1587.38,1190.535,0.0,0.0,0.0,3763.0866666666666,4875.38,0.0,0.0,0.0,0.0,0.0,0.0,0.0,0.0,0.0,0.0,4.0,4.0,4.0,4.0,3.72,74.621,80.6396,82.28040000000001,80.46886666666667,78.09355000000001,1958.1046999999999,2157.09796,2223.73556,2244.9221866666667,2349.139475,Stopping
-4.12,-2.4335999999999998,-1.7630000000000001,-1.1414666666666666,-0.9632,31.682500000000005,15.6372,8.4986,6.119066666666668,4.9293000000000005,0.0,1844.48,14834.08,28899.433333333334,31877.45,10264.0,4832.88,2416.44,1610.96,1208.22,938.05,9968.64,17573.76,11715.84,13189.92,0.0,0.0,0.0,0.0,0.0,0.0,0.0,0.0,0.0,0.0,3.0,3.0,3.02,3.3466666666666667,3.46,49.88250000000001,56.78200000000001,60.2782,58.98800000000001,56.49725,1703.05985,1793.6635799999997,1727.72339,1666.6637200000002,1651.58549,Stopping
-2.257,-0.8824000000000001,-0.34700000000000003,-0.6892,-0.5884,6.759,3.5196000000000005,2.4398,2.0798666666666668,1.8999000000000001,7414.4,19074.56,25400.47,29399.8,32929.8,1827.8,731.12,365.56,243.70666666666668,182.78,0.0,0.0,0.0,0.0,0.0,0.0,0.0,0.0,0.0,0.0,0.0,0.0,0.0,0.0,0.0,4.0,4.0,4.0,4.0,4.0,74.13300000000001,74.47579999999999,74.09200000000001,73.29573333333333,71.70625,2002.8836999999999,2019.6185799999998,2012.69868,1993.5113266666667,1951.7467800000002,Stopping
2.008,0.4164,-0.3018,-0.0838666666666667,-0.6237999999999999,12.907499999999999,5.979,6.3076,4.6584,3.8338,3981.3,5559.34,3524.63,3945.06,9685.88,3909.6,1563.84,1674.96,1116.64,837.48,49859.25,52828.04,33946.25,32780.68,27902.765,0.0,0.0,0.0,0.0,0.0,0.0,0.0,0.0,0.0,0.0,2.25,1.92,2.28,2.3866666666666667,2.79,48.143,50.360200000000006,56.677800000000005,61.227199999999996,64.29639999999999,1550.3471,1420.06488,1781.40576,1804.3005866666665,1840.26566,Stopping
-3.035,-2.0368,-1.8192,-1.3576,-0.9244,9.929499999999999,4.7878,3.0739,2.5026,2.21695,27861.6,46314.36,47137.54,47511.333333333336,48447.345,2900.9,1160.36,580.18,386.7866666666667,290.09,25253.0,10101.2,5050.6,3367.0666666666666,2525.3,0.0,0.0,0.0,0.0,0.0,0.0,0.0,0.0,0.0,0.0,4.0,4.0,4.0,4.0,4.0,95.7285,93.74859999999998,90.52120000000001,87.56853333333333,84.5148,2463.8138,2505.1924400000003,2445.22826,2374.0734466666668,2295.9311900000002,Stopping
-1.02,-1.02,-1.02,-0.6162666666666666,-0.7172,17.4815,7.9374,4.6487,3.5524666666666667,3.0043500000000005,0.0,9653.3,26817.48,34640.09333333333,36459.95,5457.8,2226.8,1113.4,742.2666666666667,556.7,49230.1,30136.34,23050.67,15472.053333333333,17438.865,0.0,0.0,0.0,0.0,0.0,0.0,0.0,0.0,0.0,0.0,1.8,3.12,3.03,3.02,2.755,83.679,86.45299999999999,86.90889999999999,83.73493333333333,80.6525,1848.5065,2236.97214,2746.7746400000005,2750.8484999999996,2944.884775,Stopping
-1.02,-1.1232,-1.5358,-1.1337333333333333,-0.4133,1.36,1.36,1.36,1.36,1.36,0.0,10674.16,22533.9,24217.62,29045.115,0.0,0.0,0.0,0.0,0.0,64070.6,30024.0,15012.0,16282.726666666667,14337.67,0.0,0.0,0.0,0.0,0.0,0.0,0.0,0.0,0.0,0.0,2.45,2.78,2.89,2.8266666666666667,2.61,60.3095,61.221799999999995,59.89719999999999,57.747466666666675,55.218,1488.4367,1887.96732,1982.9505600000002,1968.8635533333334,2065.08307,Stopping
1.8,-0.22399999999999998,-0.5868000000000001,-0.7312000000000001,-0.7116000000000001,1.36,1.36,1.36,1.36,1.36,3580.8,20365.98,24495.28,29088.786666666667,33156.86,0.0,0.0,0.0,0.0,0.0,40179.55,16071.82,8035.91,5357.2733333333335,4017.955,0.0,0.0,0.0,0.0,0.0,0.0,0.0,0.0,0.0,0.0,4.0,4.0,4.0,4.0,4.0,75.49350000000001,75.7104,75.6577,74.74746666666667,73.2389,1805.28835,1960.3328399999998,2008.3345800000002,2001.5155866666666,1970.3843100000001,Stopping
-1.02,-1.02,-1.02,-1.02,-1.02,18.8395,8.351799999999999,4.8559,3.6906000000000003,3.1079499999999998,0.0,11778.82,24879.59,23848.96,30232.645,5917.3,2366.92,1183.46,788.9733333333334,591.73,45275.5,33540.08,16770.04,16850.733333333334,14706.53,0.0,0.0,0.0,0.0,0.0,0.0,0.0,0.0,0.0,0.0,0.0,2.4,3.2,3.44,3.315,85.6585,88.0624,88.18209999999999,88.05513333333333,87.57875,1495.6188,2008.6205,2207.55434,2250.307706666667,2449.2509250000003,Stopping
-1.02,-1.3944,-1.7272,-1.3780000000000001,-1.0487,1.36,1.36,1.36,1.36,1.36,44411.15,50833.16,53241.57,52935.013333333336,53358.06,0.0,0.0,0.0,0.0,0.0,0.0,0.0,0.0,0.0,0.0,0.0,0.0,0.0,0.0,0.0,0.0,0.0,0.0,0.0,0.0,4.0,4.0,4.0,4.0,4.0,99.513,97.4,93.6153,90.07473333333334,86.33265000000002,2721.5535499999996,2665.90574,2562.76902,2465.642333333333,2363.226815,Stopping
-3.14,-2.8188,-1.3685999999999998,-0.994,-0.8537,1.36,1.36,1.36,1.36,1.36,0.0,0.0,9999.36,16323.246666666666,16491.385,0.0,0.0,0.0,0.0,0.0,0.0,170.92,85.46,78.39333333333333,7623.45,0.0,0.0,0.0,0.0,0.0,1.0,1.0,0.6,0.4,0.3,2.0,2.0,2.0,2.0,1.805,38.2275,40.452200000000005,41.7932,40.59853333333333,39.200250000000004,1835.3428500000002,1942.52552,2016.10893,1963.2214733333335,2011.4296100000001,Turnings
-1.541,-0.004400000000000022,-0.10719999999999998,0.9581333333333333,0.9581333333333333,1.36,1.36,1.36,1.36,1.36,13814.4,9035.52,15874.56,21995.76,21995.76,0.0,0.0,0.0,0.0,0.0,0.0,713.14,4926.06,8124.026666666667,8124.026666666667,1.0,1.0,0.69,0.46,0.46,0.0,0.0,0.0,0.0,0.0,1.0,1.0,1.0,1.2733333333333334,1.2733333333333334,42.6255,44.8604,46.0558,45.9256,45.9256,3068.4665,3221.9191199999996,3185.8237200000003,2838.9662933333334,2838.9662933333334,Turnings
-4.12,-1.7524000000000002,-1.2876000000000003,-1.5653333333333335,-0.8601000000000001,1.36,1.36,1.36,1.36,1.36,8140.8,13575.68,14469.76,13741.226666666667,13925.12,0.0,0.0,0.0,0.0,0.0,44430.2,17801.62,8900.81,5933.873333333333,11355.695,0.0,0.0,0.0,0.0,0.0,1.0,0.5,0.25,0.16666666666666666,0.125,1.9,2.56,2.78,2.8533333333333335,2.75,56.82900000000001,57.327400000000004,58.2142,59.59186666666666,60.6153,1966.1150000000002,2006.40048,2044.2699400000001,2094.7951733333334,2149.153425,Turnings
0.0,0.0,-0.4508,-0.33293333333333336,-0.5047,8.552,13.449200000000001,14.512599999999999,10.1284,7.9363,240.0,96.0,3708.8,10877.666666666666,17601.4,2435.05,4092.62,4452.44,2968.2933333333335,2226.22,52630.6,59604.04,46220.28,30813.52,23110.14,1.0,1.0,0.98,0.6866666666666666,0.515,0.0,0.0,0.0,0.0,0.0,1.0,0.44,1.42,2.28,2.71,20.197499999999998,28.040399999999998,44.3429,51.39613333333333,54.30095,932.5529,980.6943400000001,1266.85341,1437.9449666666667,1507.76218,Turnings
-5.607,-1.854,-0.8053999999999999,-0.2012,-0.5675,1.36,1.36,1.36,1.36,1.36,0.0,4976.64,9008.0,12850.346666666666,13707.2,0.0,0.0,0.0,0.0,0.0,0.0,0.0,0.0,584.24,6925.455,0.0,0.0,0.0,0.0,0.0,1.0,0.8,0.4,0.36,0.27,1.0,1.0,1.0,1.0,1.13,36.989999999999995,39.248200000000004,42.22089999999999,42.943466666666666,43.8087,2647.9452499999998,2815.44494,3035.32244,3078.383733333333,2837.7739850000003,Turnings
-1.9629999999999999,-1.3768,-2.1462,-0.7717333333333333,-1.3145999999999998,34.6405,16.0114,8.6857,6.243799999999999,5.02285,0.0,746.24,1733.76,5392.346666666666,11236.03,11265.95,4959.96,2479.98,1653.32,1239.99,0.0,5620.76,16861.58,18819.88,20931.77,1.0,1.0,1.0,0.9533333333333334,0.715,0.0,0.0,0.0,0.0,0.0,1.0,1.0,1.26,1.6066666666666667,1.685,27.5745,34.165,39.8814,43.49673333333333,45.10635,1933.7400499999999,2223.26648,2098.5923000000003,1998.01818,2051.4441699999998,Turnings
2.824,0.07960000000000002,-0.6734,-0.5465333333333333,-0.4252000000000001,1.36,1.36,1.36,1.36,1.36,1020.8,5719.04,16915.92,19523.32,26394.335,0.0,0.0,0.0,0.0,0.0,17661.1,7064.44,3532.22,2354.8133333333335,1766.11,0.0,0.0,0.0,0.0,0.0,1.0,1.0,0.52,0.3466666666666667,0.26,4.0,4.0,4.0,4.0,4.0,53.579499999999996,54.8944,55.548,55.517066666666665,54.47725,1421.64525,1474.58456,1501.43181,1503.47478,1478.27719,Turnings
-1.02,-1.02,-1.02,-1.3865333333333332,-0.7849,5.249499999999999,7.6594,4.5097,3.4598,2.93485,3545.6,2003.2,1380.48,6226.7733333333335,11005.76,1317.05,2133.08,1066.54,711.0266666666666,533.27,56188.7,42204.76,50488.93,33698.693333333336,25274.02,0.0,0.0,0.0,0.0,0.0,0.0,0.0,0.0,0.0,0.0,1.8,1.92,1.65,2.433333333333333,2.825,42.888,48.9732,54.0359,56.95093333333333,58.552600000000005,1296.8184,1565.42352,1373.3037299999999,1482.9698333333333,1542.6314799999998,Turnings
-20.802,38.934400000000004,135.7908,92.2228,68.6048,1.36,1.36,4.3529,3.376666666666667,2.8725,27428.45,32942.64,24119.99,17106.553333333333,14947.355,0.0,0.0,1013.19,682.74,512.055,31938.85,19360.62,9680.31,6453.54,10009.33,0.0,0.0,0.0,0.0,0.0,0.0,0.34,0.67,0.78,0.835,2.0,1.34,1.17,1.1133333333333333,1.055,31.549500000000002,29.132799999999996,25.517,28.903933333333335,31.95385,1737.0676499999997,1906.52908,1757.9980300000002,2025.0308333333332,2106.84563,Turnings
6.742999999999999,3.2303999999999995,0.062200000000000005,1.1427586206896552,1.1427586206896552,1.36,1.36,1.36,1.36,1.36,3833.6,1533.44,8502.17,22094.089655172414,22094.089655172414,0.0,0.0,0.0,0.0,0.0,0.0,8651.88,16294.94,11237.889655172414,11237.889655172414,1.0,1.0,0.86,0.593103448275862,0.593103448275862,0.0,0.0,0.0,0.0,0.0,1.0,1.0,1.24,1.4758620689655173,1.4758620689655173,45.347,49.773599999999995,54.219899999999996,52.407172413793106,52.407172413793106,3240.0949499999997,3093.00826,2833.95414,2692.6653310344827,2692.6653310344827,Turnings
-2.06,-2.06,-1.9247999999999998,-1.1588,-1.2326,1.36,1.36,1.36,1.36,1.36,8396.8,4300.8,6684.16,18005.42,21034.61,0.0,0.0,0.0,0.0,0.0,5046.8,37431.1,36988.52,24685.14,23141.65,0.0,0.0,0.0,0.0,0.0,0.3,0.12,0.06,0.04,0.03,2.0,1.76,2.09,2.7266666666666666,2.945,55.715500000000006,57.69820000000001,60.222,61.06566666666667,60.7574,2599.38345,1927.8352599999998,1912.7884900000001,1845.82638,1869.418365,Turnings
0.975,-1.8552000000000002,-1.7802,-2.182266666666667,-1.2406,1.36,1.36,1.36,1.36,1.36,15542.4,21240.32,27560.02,33153.28,32755.235,0.0,0.0,0.0,0.0,0.0,0.0,0.0,0.0,0.0,5170.915,0.05,0.02,0.01,0.006666666666666667,0.005,0.0,0.0,0.0,0.0,0.0,4.0,4.0,4.0,4.0,3.93,68.673,68.9138,68.6515,67.00033333333333,65.04465,1862.2727,1870.4918400000001,1866.8352899999998,1824.2320200000001,1837.4895450000001,Turnings
-6.18,-4.2452,-3.0827999999999998,-3.679066666666667,-4.2364999999999995,5.0495,2.8358,2.0979,1.8519333333333334,1.7289500000000002,233.6,9483.52,14499.2,17303.993333333332,18251.61,1249.5,499.8,249.9,166.6,124.95,61510.6,40941.42,36463.44,31612.893333333333,29440.945,0.0,0.0,0.0,0.0,0.0,0.0,0.0,0.0,0.0,0.0,2.55,2.82,2.85,2.473333333333333,2.245,28.514,29.606199999999998,30.7519,31.38866666666667,30.436,1298.44875,1549.93568,1674.62627,1699.7741133333334,1694.64334,U-Turnings
-18.581,-8.1564,-5.2101999999999995,-9.713235294117647,-9.713235294117647,1.36,1.36,1.36,1.36,1.36,46851.25,37694.6,26671.3,25678.220588235294,25678.220588235294,0.0,0.0,0.0,0.0,0.0,0.0,1984.0,12591.95,14035.610294117647,14035.610294117647,0.0,0.0,0.0,0.0,0.0,0.0,0.0,0.0,0.0,0.0,3.0,3.0,2.91,2.5955882352941178,2.5955882352941178,24.9005,23.156600000000005,22.066200000000002,21.853014705882355,21.853014705882355,885.22775,821.35558,930.6846899999999,989.3596323529412,989.3596323529412,U-Turnings
-11.841999999999999,-5.6636,-4.52,-1.6690666666666667,-1.6278,42.464,32.2116,16.785800000000002,11.643866666666666,9.0729,0.0,785.92,4847.36,12312.373333333333,17880.61,13913.2,10443.1,5221.55,3481.0333333333333,2610.775,64253.0,56681.86,40954.14,28582.893333333333,21458.665,0.0,0.0,0.0,0.0,0.0,0.0,0.0,0.0,0.0,0.0,2.0,2.08,2.41,2.94,3.205,41.8035,57.434200000000004,65.91720000000001,69.72286666666668,71.26535,1173.15815,1609.99542,1920.9569099999999,1985.0810666666669,2005.5255450000002,U-Turnings
-20.389000000000003,-6.7948,-1.0667999999999997,-4.073934426229508,-4.073934426229508,1.36,1.36,1.36,1.36,1.36,7376.0,6094.08,18487.16,18948.82786885246,18948.82786885246,0.0,0.0,0.0,0.0,0.0,26227.15,32850.44,18717.59,19225.66393442623,19225.66393442623,0.0,0.0,0.0,0.0,0.0,0.0,0.0,0.0,0.0,0.0,2.0,1.28,1.14,1.1147540983606556,1.1147540983606556,25.585500000000003,26.6078,23.8642,21.847377049180327,21.847377049180327,1248.23225,1553.31854,1547.6573600000002,1452.7974590163935,1452.7974590163935,U-Turnings
-17.142000000000003,-7.4688,-3.6746,-3.8889333333333336,-2.077,13.950999999999999,17.711000000000002,9.535499999999999,6.810333333333333,5.44775,0.0,0.0,602.88,2640.64,6043.84,4262.95,5535.72,2767.86,1845.24,1383.93,55448.5,23059.58,22669.74,23119.206666666665,17462.12,0.0,0.0,0.0,0.0,0.0,0.0,0.0,0.0,0.0,0.0,2.0,2.0,1.95,2.3266666666666667,2.745,28.4985,40.061800000000005,49.497299999999996,54.73226666666667,58.4557,1387.7387999999999,1911.5683600000002,2090.00882,2011.1768333333334,1980.394045,U-Turnings
2.213,2.2436000000000003,2.2538,2.1552000000000002,1.7094117647058824,1.36,1.36,1.36,1.36,1.36,2412.8,18064.4,28757.3,26215.013333333332,26468.69934640523,0.0,0.0,0.0,0.0,0.0,52914.0,25346.18,12958.33,15952.846666666666,15640.045751633987,0.0,0.0,0.0,0.0,0.0,0.0,0.0,0.0,0.0,0.0,1.4,2.3,2.65,2.4133333333333336,2.4052287581699345,30.676,30.825,28.133699999999997,26.401066666666665,26.269411764705882,1068.0370500000001,1083.61678,993.36002,1020.7444399999999,1019.5317647058822,U-Turnings
-7.261,-5.3132,-1.3078000000000003,-3.3554666666666666,-1.2519999999999998,50.017,22.7624,12.0612,8.494133333333332,6.7106,0.0,272.64,3985.28,6490.026666666667,9461.76,16470.15,7244.7,3622.35,2414.9,1811.175,45428.8,30400.2,27457.39,24598.126666666667,19218.96,0.0,0.0,0.0,0.0,0.0,0.0,0.0,0.0,0.0,0.0,1.5,1.76,2.14,2.6266666666666665,2.97,48.227999999999994,56.8346,62.3609,65.78673333333333,68.1112,2192.1807999999996,2277.1661000000004,2182.8242,2074.8438066666668,2065.0415350000003,U-Turnings
-442.637,-228.9832,-115.67579999999998,-79.86293333333333,-77.12748387096774,1.36,1.36,1.36,1.36,1.36,9878.4,8224.0,14081.92,12896.853333333333,12630.296774193548,0.0,0.0,0.0,0.0,0.0,28.9,336.68,531.44,7149.366666666667,6918.741935483871,0.0,0.0,0.0,0.0,0.0,0.0,0.0,0.0,0.0,0.0,2.0,2.0,2.0,1.8933333333333333,1.864516129032258,29.3005,32.6708,33.166799999999995,33.317,33.3921935483871,1401.12305,1571.5200600000003,1600.8737699999997,1663.569613333333,1692.6783548387098,U-Turnings
3.0820000000000003,2.8412,0.02260000000000013,0.3870666666666668,-0.09859999999999994,1.36,1.36,1.36,1.36,1.36,4675.2,16383.32,19078.99,24697.506666666668,27257.47,0.0,0.0,0.0,0.0,0.0,42852.05,22716.54,11982.82,8395.546666666667,6601.91,0.0,0.0,0.0,0.0,0.0,0.0,0.0,0.0,0.0,0.0,2.65,3.46,3.73,3.82,3.865,74.00750000000001,74.96600000000001,75.9801,75.83926666666666,75.139,1819.4796000000001,1953.83294,2022.1256099999998,2034.1661066666666,2022.940395,U-Turnings
-3.444,-1.3776,-0.4931999999999999,-0.3970666666666666,-0.8112,1.36,1.36,1.36,1.7218666666666669,5.4775,18944.0,18616.32,19614.08,17982.72,13487.04,0.0,0.0,0.0,122.5,1393.91,1863.0,1861.72,2005.03,6829.66,11729.86,0.0,0.0,0.0,0.0,0.0,0.0,0.0,0.0,0.0,0.0,2.0,2.0,2.0,2.0,2.11,34.603500000000004,34.001400000000004,32.7437,31.758666666666667,36.82535,1675.3584500000002,1646.14968,1585.9229699999999,1501.9062199999998,1570.0566799999997,3step-Turning
-2.06,-1.4776000000000002,-2.1678,-1.5806666666666669,-3.1966666666666663,1.36,1.36,1.36,1.36,1.36,6761.6,24651.72,30673.42,29726.286666666667,31228.550505050505,0.0,0.0,0.0,0.0,0.0,51850.3,20985.56,11313.89,15687.086666666666,11891.287878787878,0.0,0.0,0.0,0.0,0.0,0.0,0.0,0.0,0.0,0.0,1.65,2.46,2.73,2.62,2.4696969696969697,40.9825,40.2828,37.583999999999996,35.364,32.72409090909091,1556.48385,1470.66328,1354.43706,1446.6633933333333,1385.0975858585857,3step-Turning
-0.258,-0.7983999999999999,-1.1588,-1.3357333333333334,-0.7468,8.4075,4.179,2.7695,2.299666666666667,2.06475,0.0,3047.68,13844.94,22830.626666666667,27323.47,2386.7,954.68,477.34,318.2266666666667,238.67,28780.15,32151.9,25086.63,16724.42,12543.315,0.0,0.0,0.0,0.0,0.0,0.0,0.0,0.0,0.0,0.0,3.0,3.0,3.3,3.533333333333333,3.65,67.54499999999999,70.10820000000001,72.5637,72.24946666666666,71.04595,1383.4685000000002,1603.86912,1772.5780499999998,1832.9367533333332,1834.58885,3step-Turning
-1.802,-2.1812,-1.6351999999999998,-2.1252,-3.2487005649717515,1.36,1.36,1.36,1.36,1.36,12903.85,25659.14,29913.24,30272.0,31947.67231638418,0.0,0.0,0.0,0.0,0.0,36031.95,20895.64,16000.84,17150.793333333335,14534.570621468927,0.0,0.0,0.0,0.0,0.0,0.0,0.0,0.0,0.0,0.0,2.1,2.64,2.82,2.6933333333333334,2.5875706214689265,42.8745,41.638400000000004,38.9974,36.75026666666667,35.14745762711865,1491.55435,1465.30798,1377.4250299999999,1453.7917733333334,1427.5117005649718,3step-Turning
0.0,1.1908,-0.3913999999999999,-0.13733333333333328,-0.18479999999999996,2.895,4.0098,2.6849000000000003,2.3542666666666667,2.1057,0.0,0.0,0.0,39.68,6127.38,520.4,898.16,449.08,337.08,252.81,47506.5,19440.78,9720.39,6480.26,4860.195,0.0,0.0,0.0,0.0,0.0,0.0,0.0,0.0,0.0,0.0,4.0,4.0,4.0,4.0,4.0,46.4855,50.0652,54.15560000000001,57.86473333333334,60.7948,1173.5046,1316.96788,1444.84312,1550.5459533333335,1635.782875,3step-Turning
-2.5700000000000003,-1.15,-0.8848,-1.6945333333333334,-1.9754000000000003,1.36,1.36,1.36,1.36,1.36,12198.4,17048.32,22883.2,25154.133333333335,24406.08,0.0,0.0,0.0,0.0,0.0,25773.85,15240.1,11728.21,10557.58,14275.58,0.0,0.0,0.0,0.0,0.0,0.0,0.0,0.0,0.0,0.0,2.4,2.76,2.88,2.92,2.82,36.8235,36.6316,35.44520000000001,33.723333333333336,32.0613,1298.31975,1293.1855,1253.31637,1193.0589,1180.86569,3step-Turning
0.7140000000000001,0.2652,-1.5419999999999998,-1.3014666666666665,-0.6922,1.36,1.36,1.36,1.36,1.36,0.0,3128.32,15642.66,22645.233333333334,26201.475,0.0,0.0,0.0,0.0,0.0,0.0,0.0,0.0,0.0,0.0,0.0,0.0,0.0,0.0,0.0,0.0,0.0,0.0,0.0,0.0,4.0,4.0,4.0,4.0,4.0,62.930499999999995,64.75099999999999,65.9472,65.39713333333334,64.29995,1698.8851,1749.81646,1788.15356,1776.1184066666667,1747.7134649999998,3step-Turning
0.0,-0.0204,-1.2446,-1.3586666666666667,-1.9129999999999998,1.36,1.36,1.36,1.36,1.36,27648.0,27915.52,28056.32,28190.293333333335,26994.285,0.0,0.0,0.0,0.0,0.0,4176.05,4343.02,4398.89,4486.933333333333,8181.025,0.0,0.0,0.0,0.0,0.0,0.0,0.0,0.0,0.0,0.0,3.0,3.0,3.0,3.0,2.815,37.767,36.721399999999996,34.9424,33.11993333333333,31.65915,1337.2076000000002,1300.23946,1237.25841,1172.7412866666666,1208.295315,3step-Turning
-2.9779999999999998,-1.4376,-0.7188,-1.3430666666666666,-0.893,1.36,1.36,1.36,1.36,1.36,5961.6,6810.88,3792.64,3625.3866666666668,3642.24,0.0,0.0,0.0,0.0,0.0,0.0,496.0,18596.65,12397.766666666666,9298.325,0.0,0.0,0.0,0.0,0.0,0.0,0.0,0.0,0.0,0.0,3.0,3.0,3.07,3.38,3.535,51.653,53.01,55.8314,58.75193333333334,61.72110000000001,1815.77955,1863.3230600000002,1642.54771,1676.7302666666667,1734.5619550000001,Overtaking
-2.2640000000000002,-2.2640000000000002,-2.2640000000000002,-2.2640000000000002,-2.2640000000000002,1.36,1.36,1.36,1.36,1.36,12281.6,12281.6,12281.6,12281.6,12281.6,0.0,0.0,0.0,0.0,0.0,0.0,0.0,0.0,0.0,0.0,0.0,0.0,0.0,0.0,0.0,0.0,0.0,0.0,0.0,0.0,2.0,2.0,2.0,2.0,2.0,34.174,34.174,34.174,34.174,34.174,1648.9042000000002,1648.9042000000002,1648.9042000000002,1648.9042000000002,1648.9042000000002,Overtaking
0.0,-1.48,-1.8792000000000002,-0.9223999999999999,-0.9292,1.36,1.36,1.36,3.339866666666667,3.4105000000000003,15990.4,15260.16,15393.92,12309.333333333334,10536.0,0.0,0.0,0.0,670.32,694.195,0.0,400.92,3414.83,16566.646666666667,21023.34,0.0,0.0,0.0,0.0,0.0,0.0,0.0,0.0,0.0,0.0,3.0,3.0,3.0,2.96,3.18,41.2555,41.523599999999995,42.017799999999994,43.895466666666664,48.55564999999999,1455.34945,1464.4517999999998,1481.73908,1424.5283866666666,1453.9135500000002,Overtaking
1.02,1.02,-0.20140000000000005,-0.5808,-0.41009999999999996,1.36,1.36,1.36,3.1919333333333335,5.006600000000001,17398.4,18732.8,19397.12,15368.96,11526.72,0.0,0.0,0.0,620.22,1234.565,0.0,0.0,308.37,14346.333333333334,26059.425,0.0,0.0,0.0,0.0,0.0,0.0,0.0,0.0,0.0,0.0,2.0,2.0,2.0,1.7866666666666666,2.02,42.096999999999994,41.647600000000004,40.6663,41.1326,47.28085,2036.5531999999998,2015.78902,1968.8876200000002,1727.2212466666665,1609.449885,Overtaking
-1.02,-1.02,0.11920000000000001,-1.2938666666666665,-0.9692000000000001,1.36,1.36,1.36,1.36,1.36,0.0,29.44,2732.16,4089.173333333333,4776.0,0.0,0.0,0.0,0.0,0.0,36418.35,17685.88,11187.94,9034.813333333334,9544.89,0.0,0.0,0.0,0.0,0.0,0.0,0.0,0.0,0.0,0.0,2.7,2.88,2.94,2.96,2.97,37.7115,39.4376,42.012100000000004,44.2884,46.48855,1268.83645,1362.51884,1465.06414,1549.1743666666666,1631.491795,Overtaking
-3.4440000000000004,-3.8495999999999997,-2.5810000000000004,-1.1781333333333333,-1.2678,1.36,1.36,1.36,1.36,1.36,8454.4,11609.6,14098.56,16649.386666666665,18251.84,0.0,0.0,0.0,0.0,0.0,0.0,0.0,0.0,0.0,4.495,0.0,0.0,0.0,0.0,0.0,0.0,0.0,0.0,0.0,0.0,2.0,2.0,2.0,2.0,2.0,40.296499999999995,40.9126,41.2376,40.63666666666666,39.42125,1941.6390500000002,1974.12866,1991.9630099999997,1965.1113733333334,1907.5300699999998,Overtaking
-1.4360000000000002,-1.8104,-1.9352,-1.9768,-1.7635999999999998,1.36,1.36,1.36,1.36,1.36,21328.0,20851.2,20256.0,19008.853333333333,16902.72,0.0,0.0,0.0,0.0,0.0,0.0,0.0,0.0,399.1933333333333,4215.03,0.0,0.0,0.0,0.0,0.0,0.0,0.0,0.0,0.0,0.0,2.0,2.0,2.0,2.0,2.0,36.565,35.7434,34.4919,33.486066666666666,32.9846,1771.8267499999997,1731.7521800000002,1670.83075,1621.2843666666668,1634.82842,Overtaking
-2.72,-2.9360000000000004,-1.3458,-0.9669333333333334,-1.2402,1.36,1.36,3.1869,2.6462,2.32465,23385.6,23356.16,15739.52,15611.306666666667,16719.68,0.0,0.0,618.7,435.5933333333333,326.695,0.0,290.36,12907.04,8604.693333333333,6453.52,0.0,0.0,0.0,0.0,0.0,0.0,0.0,0.0,0.0,0.0,2.0,2.0,2.06,2.3733333333333335,2.53,35.07000000000001,33.747,34.088,36.77986666666667,38.00715,1701.5020499999998,1636.9053400000003,1468.91245,1475.2234866666668,1474.528895,Overtaking
-0.362,-1.7684,-0.8936,-0.8350666666666666,-1.2535,1.36,1.36,1.36,1.36,1.36,46334.0,39377.54,40979.08,42173.39333333333,40110.645,0.0,0.0,0.0,0.0,0.0,0.0,8311.08,7778.41,5250.713333333333,6983.29,0.0,0.0,0.0,0.0,0.0,0.0,0.0,0.0,0.0,0.0,3.0,2.94,2.43,2.2866666666666666,2.015,51.4905,49.403,46.1471,40.43886666666667,35.15095,1833.8113,1891.85934,2040.34912,1833.3197599999999,1723.23935,Stopping
-2.06,-2.1008,0.5442,-0.4525333333333334,-0.7865000000000001,1.36,1.36,1.36,1.36,1.36,7785.6,19732.48,22701.44,18446.933333333334,21065.92,0.0,0.0,0.0,0.0,0.0,39134.7,15653.88,7826.94,18953.246666666666,14214.935,0.0,0.0,0.0,0.0,0.0,0.0,0.0,0.0,0.0,0.0,1.9,2.56,2.78,2.3733333333333335,2.28,44.448,43.9404,42.6504,42.674600000000005,42.15285,1503.8335000000002,1527.77544,1495.4957499999998,1572.7650066666665,1672.7797899999998,Stopping
-0.9690000000000001,-0.8364,-0.8364000000000001,-0.7956,-0.6681,2.191,1.6924000000000001,1.5262,1.4708,1.4431,0.0,0.0,22249.09,31073.153333333332,33546.185,282.7,113.08,56.54,37.693333333333335,28.27,24850.15,45983.06,24793.97,16529.31333333333,12396.985,0.0,0.0,0.0,0.0,0.0,0.0,0.0,0.0,0.0,0.0,3.0,2.88,3.44,3.6266666666666665,3.72,70.0085,72.09200000000001,72.7726,70.89006666666667,68.6764,1069.6447,1355.6370800000002,1688.0199,1736.8168266666667,1725.6652600000002,Stopping
-1.02,-1.0824,-1.4880000000000002,-0.8496,-0.7953,1.36,1.36,1.36,1.36,1.36,18016.3,27117.1,30432.19,31619.093333333334,32342.945,0.0,0.0,0.0,0.0,0.0,19151.55,7660.62,3830.31,2553.54,1915.155,0.0,0.0,0.0,0.0,0.0,0.0,0.0,0.0,0.0,0.0,3.6,3.84,3.92,3.9466666666666668,3.96,75.1695,74.77199999999999,73.8218,72.75966666666667,71.62215,1980.72915,2009.3301999999999,1996.7267500000003,1972.3066,1943.6784400000001,Stopping
-1.02,-1.02,-0.4562,-0.3857333333333334,-0.5599000000000001,3.6365000000000003,2.2706,1.8153,1.6635333333333335,1.5876499999999998,11046.4,22350.08,25849.21,30799.733333333334,34135.55,771.0,308.4,154.2,102.8,77.1,34424.55,13769.82,6884.91,4589.94,3442.455,0.0,0.0,0.0,0.0,0.0,0.0,0.0,0.0,0.0,0.0,4.0,4.0,4.0,4.0,4.0,78.173,78.2528,78.03649999999999,77.18646666666666,75.5231,1959.07795,2061.50544,2088.9591499999997,2079.2128399999997,2040.8240600000001,Stopping
0.0,0.0,-0.2986,-1.0294666666666668,-0.49950000000000006,1.36,1.36,1.36,1.36,1.36,0.0,1981.44,3223.68,12403.626666666667,15679.3,0.0,0.0,0.0,0.0,0.0,56029.0,28287.3,17718.42,11812.28,13154.13,0.0,0.0,0.0,0.0,0.0,0.0,0.0,0.0,0.0,0.0,2.9,3.56,3.78,3.8533333333333335,3.73,49.7025,51.3204,54.00059999999999,55.13766666666666,55.543800000000005,1165.1078,1314.77396,1424.00253,1470.0315533333335,1582.3349349999999,Stopping
-2.06,-1.8728,-0.814,-0.45426666666666665,-0.5957,10.1945,5.1288,3.2444000000000006,2.616266666666667,2.3022,0.0,4517.12,15125.76,18568.106666666667,20598.08,2990.7,1275.94,637.97,425.31333333333333,318.985,0.0,0.0,0.0,0.0,0.0,0.0,0.0,0.0,0.0,0.0,0.0,0.0,0.0,0.0,0.0,3.0,3.0,3.0,3.0,3.0,41.864000000000004,44.370599999999996,44.698299999999996,44.016799999999996,42.9964,1459.34685,1556.6630400000001,1574.9103599999999,1552.9935066666665,1518.111835,Stopping
-1.02,-1.02,-0.7752,-0.5167999999999999,-0.4341999999999999,1.36,1.36,1.36,1.36,1.36,1881.6,14782.72,20623.36,28090.34,32569.255,0.0,0.0,0.0,0.0,0.0,49650.65,25169.06,12584.53,8389.686666666666,6292.265,0.0,0.0,0.0,0.0,0.0,0.0,0.0,0.0,0.0,0.0,2.75,3.5,3.75,3.8333333333333335,3.875,71.423,72.5702,72.97189999999999,72.241,70.47534999999999,1577.9049499999999,1824.5996,1909.4516499999997,1917.1505866666666,1882.92307,Stopping
0.051000000000000045,-1.1948,-1.0092,-0.6728000000000001,-0.6692,13.1925,6.093,3.7264999999999997,2.937666666666667,2.54325,0.0,10356.46,23970.41,29558.713333333333,32183.55,4005.9,1602.36,801.18,534.12,400.59,0.0,0.0,0.0,0.0,0.0,0.0,0.0,0.0,0.0,0.0,0.0,0.0,0.0,0.0,0.0,4.0,4.0,4.0,4.0,4.0,71.51,73.30940000000001,73.1117,71.7318,70.00855,1917.5655000000002,1980.40788,1983.9914700000002,1949.8041933333334,1904.444135,Stopping
-0.053000000000000005,-0.3056,-0.6628000000000001,-0.7818666666666667,-0.7445,1.7109999999999999,1.5004000000000002,1.4302000000000001,1.4068,1.3951,12083.2,19344.1,30059.62,33988.2,35708.68,118.85,47.54,23.77,15.846666666666666,11.885,0.0,0.0,0.0,0.0,0.0,0.0,0.0,0.0,0.0,0.0,0.0,0.0,0.0,0.0,0.0,4.0,4.0,4.0,4.0,4.0,78.2945,78.8692,77.92049999999999,76.17693333333334,74.2097,2120.49825,2140.62732,2120.2570800000003,2074.63782,2021.803505,Stopping
-1.02,-1.02,-1.1989999999999998,-0.7925333333333333,-0.96,1.36,1.36,1.36,1.36,1.36,7462.4,25156.68,33017.24,35602.72,35533.705,0.0,0.0,0.0,0.0,0.0,0.0,0.0,0.0,0.0,3549.6,0.0,0.0,0.0,0.0,0.0,0.0,0.0,0.0,0.0,0.0,4.0,4.0,4.0,4.0,3.85,69.396,69.0536,67.2733,65.2188,63.47565,1879.7300500000001,1877.7218,1832.1364199999998,1777.036286666667,1833.4461849999998,Stopping
-2.06,-2.06,-1.7272,-0.9338666666666667,-0.6647,9.054499999999999,4.5476,2.9537999999999998,2.422533333333334,2.1569,0.0,3575.04,12472.96,18726.826666666668,22274.77,2605.3,1079.38,539.69,359.79333333333335,269.845,0.0,0.0,0.0,0.0,0.0,0.0,0.0,0.0,0.0,0.0,0.0,0.0,0.0,0.0,0.0,3.0,3.0,3.0,3.0,3.0,45.410999999999994,48.0304,48.9,48.32513333333333,46.858599999999996,1583.9024,1684.8984400000002,1721.64869,1705.1532866666669,1655.2728849999999,Stopping
0.051000000000000004,-0.1644,-0.35,-0.5733333333333334,-0.7838,17.396,7.831200000000001,4.595600000000001,3.517066666666667,2.9778,0.0,14580.02,23908.09,27098.06,28693.045,5428.95,2190.86,1095.43,730.2866666666666,547.715,0.0,0.0,0.0,0.0,0.0,0.0,0.0,0.0,0.0,0.0,0.0,0.0,0.0,0.0,0.0,4.0,4.0,4.0,4.0,4.0,59.822500000000005,62.253,62.19990000000001,61.36753333333334,60.317350000000005,1595.9456500000001,1680.49198,1686.24756,1666.0177400000002,1638.6349950000001,Stopping
-3.08,-2.174,-1.3725999999999998,-0.4620000000000001,-0.8614999999999999,1.36,1.36,1.36,1.36,1.36,27590.4,31251.46,34157.1,35274.246666666666,35757.325,0.0,0.0,0.0,0.0,0.0,0.0,0.0,0.0,0.0,0.0,0.0,0.0,0.0,0.0,0.0,0.0,0.0,0.0,0.0,0.0,4.0,4.0,4.0,4.0,4.0,72.41499999999999,71.8732,70.534,68.983,67.3735,1969.4785499999998,1956.35286,1921.0715599999999,1879.2445733333332,1835.556305,Stopping
0.0,-1.0904,-0.6560000000000001,-0.9422666666666667,-1.3072,1.36,1.36,1.36,1.36,1.36,33901.85,34316.76,35607.47,36496.39333333333,36820.105,0.0,0.0,0.0,0.0,0.0,0.0,0.0,0.0,0.0,0.0,0.0,0.0,0.0,0.0,0.0,0.0,0.0,0.0,0.0,0.0,4.0,4.0,4.0,4.0,4.0,73.60999999999999,72.9316,71.60340000000001,70.03313333333332,68.36875,2004.42845,1986.1015399999999,1950.64764,1908.259006666667,1863.0257550000001,Stopping
-2.06,-1.1740000000000002,0.19599999999999998,-0.5209333333333335,0.0255,1.36,1.36,1.36,1.36,1.36,20480.0,17936.64,21501.44,24400.64,24675.52,0.0,0.0,0.0,0.0,0.0,0.0,6922.1,9086.73,6057.82,4543.365,0.0,0.0,0.0,0.0,0.0,0.0,0.0,0.0,0.0,0.0,3.0,3.0,2.44,2.2933333333333334,2.22,34.5455,34.393,33.8029,31.129266666666663,28.20605,1220.4613,1247.30382,1428.79346,1370.4816133333334,1263.732995,Turnings
-2.06,-0.7,-0.7918,-3.5110666666666663,-3.5189473684210526,1.36,1.36,1.36,1.36,1.36,5561.6,11872.0,21879.41,25299.26,25389.111842105263,0.0,0.0,0.0,0.0,0.0,0.0,0.0,0.0,0.0,0.0,0.0,0.0,0.0,0.0,0.0,0.0,0.0,0.0,0.0,0.0,3.0,3.0,3.0,3.0,3.0,43.472,43.982400000000005,42.8009,40.861599999999996,40.779802631578946,1529.6613000000002,1550.8119799999997,1513.14252,1445.7032133333332,1442.8200131578947,Turnings
-1.02,-1.02,-1.02,-1.02,-1.02,2.516,2.3872000000000004,2.0022,1.7881333333333336,1.6811,0.0,0.0,0.0,6024.106666666667,11303.36,391.85,348.18,217.77,145.18,108.885,43230.35,17292.14,8646.07,6146.52,4635.91,0.0,0.0,0.0,0.0,0.0,0.0,0.0,0.0,0.0,0.0,2.05,2.62,2.81,2.8733333333333335,2.905,43.439499999999995,46.019000000000005,49.763999999999996,52.519666666666666,53.43814999999999,1397.3966,1563.5104199999998,1719.9880000000003,1829.6297600000003,1869.41535,Turnings
-3.2439999999999998,-1.4631999999999998,0.03019999999999997,-1.2085333333333332,-0.41150000000000003,3.6685000000000003,2.3628,1.8614000000000002,1.6942666666666668,1.6107000000000002,0.0,8025.6,19006.72,22852.266666666666,21673.6,783.65,340.44,170.22,113.48,85.11,0.0,0.0,0.0,0.0,5984.91,0.0,0.0,0.0,0.0,0.0,0.0,0.0,0.0,0.0,0.0,3.0,3.0,3.0,3.0,2.825,58.090999999999994,59.9444,59.6427,58.327866666666665,57.24190000000001,2032.9033,2107.68496,2104.92374,2061.0739133333336,2042.7216950000002,Turnings
-5.862,-2.4884,-1.1728,-1.4752,-1.4862,1.36,8.204,7.324599999999999,5.336399999999999,4.3423,11168.0,5145.6,5610.88,14002.346666666666,18354.675,0.0,2316.76,2019.29,1346.1933333333334,1009.645,0.0,14895.62,10125.66,6750.44,5062.83,0.0,0.0,0.0,0.0,0.0,0.0,0.0,0.0,0.0,0.0,2.0,1.72,2.36,2.5733333333333333,2.68,23.042,27.4252,37.2804,40.38506666666667,40.8634,1112.07,1184.99144,1418.39182,1495.99328,1496.771415,Turnings
3.029,1.7863999999999998,0.441,-0.372,-1.6178571428571429,1.36,1.36,1.36,1.36,1.36,0.0,7779.84,9896.96,12912.213333333333,15468.484693877552,0.0,0.0,0.0,0.0,0.0,48269.95,19307.98,9653.99,6435.993333333333,8682.035714285714,0.0,0.0,0.0,0.0,0.0,0.0,0.0,0.0,0.0,0.0,1.7,2.48,2.74,2.8266666666666667,2.739795918367347,36.650999999999996,37.4198,38.2204,38.85946666666667,38.858061224489795,1194.8989500000002,1280.56466,1327.6777900000002,1357.73416,1430.1063673469387,Turnings
-4.832,-2.198,-0.7827999999999998,-0.8618666666666667,-0.9014,3.9784999999999995,2.4074,1.8837000000000002,1.7091333333333334,1.62185,7308.3,30092.76,37867.76,40478.26,40194.31,886.6,354.64,177.32,118.21333333333334,88.66,0.0,0.0,0.0,0.0,3413.085,0.0,0.0,0.0,0.0,0.0,0.0,0.0,0.0,0.0,0.0,4.0,4.0,4.0,4.0,3.82,69.606,68.6568,66.0579,63.266200000000005,60.794200000000004,1884.8381999999997,1868.5932199999997,1800.8673199999998,1725.6533466666667,1772.4780549999998,Turnings
-2.621,-2.0148,-1.3262,-0.21853333333333338,-0.5913,3.5305,8.5234,4.9417,3.7478000000000007,3.1508499999999997,0.0,0.0,10086.4,17390.066666666666,21938.53,735.55,2425.94,1212.97,808.6466666666666,606.485,52958.7,24941.74,16564.69,11546.633333333333,8659.975,0.0,0.0,0.0,0.0,0.0,0.0,0.0,0.0,0.0,0.0,3.1,3.64,3.78,3.5,3.375,46.2345,52.1904,56.858000000000004,58.174533333333336,57.54035,1122.9386,1347.53402,1532.68875,1741.0933666666667,1799.462735,Turnings
-1.02,-1.02,-1.9178,-1.3734666666666666,-1.8373000000000002,1.36,1.36,1.36,1.36,1.36,0.0,0.0,4119.68,11813.12,14822.025,0.0,0.0,0.0,0.0,0.0,51815.35,21858.18,10929.09,7286.06,9800.975,0.0,0.0,0.0,0.0,0.0,0.0,0.0,0.0,0.0,0.0,1.5,2.4,2.7,2.8,2.685,36.2125,37.8132,40.3526,40.773133333333334,40.52485,1166.28485,1285.09134,1397.87992,1422.9556066666667,1508.02169,Turnings
-2.521,-0.3963999999999999,-2.0184,-2.06625,-2.06625,1.36,1.36,1.36,1.36,1.36,6278.4,16212.7,25305.16,25630.944444444445,25630.944444444445,0.0,0.0,0.0,0.0,0.0,0.0,0.0,0.0,5193.597222222223,5193.597222222223,0.0,0.0,0.0,0.0,0.0,0.0,0.0,0.0,0.0,0.0,3.0,3.0,3.0,2.9097222222222223,2.9097222222222223,44.8685,45.117399999999996,43.16349999999999,41.239375,41.239375,1578.04905,1592.83176,1527.3734200000001,1529.6861944444445,1529.6861944444445,Turnings
-3.08,-2.855600000000001,-0.8830000000000001,-1.2932000000000001,-1.319,1.36,1.36,1.36,1.36,1.36,0.0,6776.32,17582.72,23972.033333333333,25825.1,0.0,0.0,0.0,0.0,0.0,32612.85,13045.14,6522.57,4348.38,6226.425,0.0,0.0,0.0,0.0,0.0,0.0,0.0,0.0,0.0,0.0,3.2,3.68,3.84,3.8933333333333335,3.885,55.641999999999996,56.915600000000005,57.27259999999999,56.51866666666666,55.36545,1360.4605,1483.43158,1525.47508,1516.6540066666666,1544.2574800000002,Turnings
-2.825,-2.7116000000000002,-0.34820000000000007,-1.7204,-0.4051000000000001,1.36,1.36,1.36,1.36,1.36,7382.4,10402.56,11943.04,13644.8,13304.64,0.0,0.0,0.0,0.0,0.0,0.0,0.0,0.0,0.0,0.0,0.0,0.0,0.0,0.0,0.0,0.0,0.0,0.0,0.0,0.0,3.0,3.0,3.0,3.0,3.0,47.873000000000005,48.7116,49.8353,50.70633333333333,51.52685,1684.12605,1715.10702,1755.35418,1786.9234000000001,1815.576115,Turnings
0.0,-0.9060000000000001,-1.4829999999999999,-1.606,-1.0544,1.36,1.36,1.36,1.36,1.36,13516.8,12829.44,11052.8,10431.146666666667,14322.88,0.0,0.0,0.0,0.0,0.0,0.0,0.0,0.0,0.0,0.0,0.0,0.0,0.0,0.0,0.0,0.0,0.0,0.0,0.0,0.0,2.0,2.0,2.0,2.0,2.0,33.034499999999994,33.27160000000001,34.1534,35.3808,35.70405,1595.5832,1606.59052,1647.8520800000001,1706.6042733333334,1725.3857199999998,Turnings
-1.026,-1.7452,-1.4091999999999998,-0.4778666666666667,-0.6134000000000001,1.36,1.36,1.36,2.4785333333333335,2.1989,7379.2,8350.72,8734.72,6032.213333333333,10720.0,0.0,0.0,0.0,378.64666666666665,283.985,0.0,0.0,393.2,11032.92,12781.885,0.0,0.0,0.0,0.0,0.0,0.0,0.0,0.0,0.0,0.0,2.0,2.0,2.0,1.94,2.19,25.698500000000003,26.2254,27.097199999999997,29.50926666666667,31.5022,1239.4621,1265.10878,1307.26331,1325.9709466666668,1379.102995,Turnings
-0.9720000000000001,-1.5620000000000003,-1.4088,-0.5005333333333333,-0.8904000000000001,1.36,1.36,1.36,1.36,1.36,0.0,12820.76,22720.5,26025.106666666667,27671.97,0.0,0.0,0.0,0.0,0.0,22974.35,9189.74,4594.87,3063.2466666666664,2297.435,0.0,0.0,0.0,0.0,0.0,0.0,0.0,0.0,0.0,0.0,1.8,2.52,2.76,2.84,2.88,61.126,61.8242,60.5881,58.73086666666667,56.67945,1814.35105,2047.2291599999999,2075.73189,2034.050273333333,1973.4004699999998,Turnings
1.02,-0.10879999999999997,-0.6286,-0.36920000000000003,-0.5318999999999999,1.36,1.36,1.36,1.36,1.36,0.0,0.0,4129.92,8829.866666666667,12213.76,0.0,0.0,0.0,0.0,0.0,0.0,0.0,0.0,0.0,0.0,0.0,0.0,0.0,0.0,0.0,0.0,0.0,0.0,0.0,0.0,3.0,3.0,3.0,3.0,3.0,45.703500000000005,47.6652,50.4758,51.88026666666667,52.58365,1603.8353000000002,1672.48506,1773.91056,1825.9361466666664,1852.6491249999997,Turnings
7.2,5.4524,-0.6302,-0.9757333333333332,-0.5167999999999999,1.36,1.36,1.36,1.36,1.36,0.0,0.0,976.64,2678.1866666666665,2008.64,0.0,0.0,0.0,0.0,0.0,0.0,0.0,0.0,0.0,0.0,0.0,0.0,0.0,0.0,0.0,0.0,0.0,0.0,0.0,0.0,2.0,2.0,2.0,2.0,2.0,20.86,22.397,24.9648,26.892066666666665,29.401799999999998,1003.77215,1077.46272,1201.36305,1294.4014200000001,1414.116415,Turnings
-1.02,-1.1440000000000001,-0.541,-1.5481333333333336,-2.764126984126984,1.36,1.36,1.36,1.36,1.36,4924.8,5108.48,7779.21,16320.933333333332,19855.433862433863,0.0,0.0,0.0,0.0,0.0,0.0,0.0,0.0,0.0,0.0,0.0,0.0,0.0,0.0,0.0,0.0,0.0,0.0,0.0,0.0,2.0,2.0,2.0,2.0,2.0,36.2215,37.705,39.734,38.894000000000005,36.94058201058201,1742.4926500000001,1814.2125400000002,1915.0607699999998,1880.89308,1788.5150158730157,Turnings
-1.02,-0.5508,-1.0782,-0.9862666666666666,-0.7498999999999999,1.36,1.36,1.36,1.36,1.36,7635.2,8189.44,9028.48,11482.453333333333,11246.72,0.0,0.0,0.0,0.0,0.0,0.0,0.0,0.0,0.0,0.0,0.0,0.0,0.0,0.0,0.0,0.0,0.0,0.0,0.0,0.0,3.0,3.0,3.0,3.0,3.0,36.3185,37.2286,38.5257,39.58800000000001,40.380050000000004,1278.1464,1310.49088,1356.34337,1394.8932333333332,1422.4792799999998,Turnings
-2.774,-0.676,-0.5334,-1.1306666666666667,-0.8695,1.36,1.36,1.36,1.36,1.36,0.0,0.0,5577.6,10585.173333333334,13021.76,0.0,0.0,0.0,0.0,0.0,14979.75,5991.9,2995.95,1997.3,1497.975,0.0,0.0,0.0,0.0,0.0,0.0,0.0,0.0,0.0,0.0,3.0,3.0,3.0,3.0,3.0,46.0915,48.038799999999995,50.57,51.6428,52.10225,1424.8688,1608.52892,1739.47141,1792.87398,1816.81089,Turnings
-5.14,-5.14,-5.14,-5.14,-5.14,5.843571428571429,5.843571428571429,5.843571428571429,5.843571428571429,5.843571428571429,0.0,0.0,0.0,0.0,0.0,1519.0714285714287,1519.0714285714287,1519.0714285714287,1519.0714285714287,1519.0714285714287,0.0,0.0,0.0,0.0,0.0,0.0,0.0,0.0,0.0,0.0,0.0,0.0,0.0,0.0,0.0,2.0,2.0,2.0,2.0,2.0,41.97785714285715,41.97785714285715,41.97785714285715,41.97785714285715,41.97785714285715,2009.4157142857143,2009.4157142857143,2009.4157142857143,2009.4157142857143,2009.4157142857143,Turnings
1.02,-0.7456,0.06799999999999999,-0.6753333333333335,-1.0725,1.36,1.36,1.36,1.36,1.36,9897.6,12974.08,8142.08,8789.76,12162.88,0.0,0.0,0.0,0.0,0.0,0.0,0.0,676.52,7368.42,7583.705,0.0,0.0,0.0,0.0,0.0,0.0,0.0,0.0,0.0,0.0,2.0,2.0,2.0,2.16,2.34,29.678500000000003,29.5766,30.722900000000003,32.925333333333334,33.8267,1433.08355,1428.94068,1474.66625,1404.6067466666666,1388.11122,Turnings
-0.462,0.08039999999999999,-0.2584,-1.0972000000000002,-1.0746,1.36,1.36,1.36,1.36,1.36,0.0,8532.48,9055.36,15759.846666666666,19930.005,0.0,0.0,0.0,0.0,0.0,59209.8,24570.56,12285.28,8190.1866666666665,6142.64,0.0,0.0,0.0,0.0,0.0,0.0,0.0,0.0,0.0,0.0,1.5,2.4,2.7,2.8,2.85,52.152,53.169399999999996,54.8111,55.39433333333333,54.62405,1455.3799999999999,1719.45222,1853.0657800000001,1903.2599800000003,1891.1376400000001,Turnings
-0.4590000000000002,-0.18359999999999999,0.09539999999999998,-0.3476,-0.47,1.36,1.36,1.36,1.36,1.36,0.0,0.0,0.0,6377.386666666666,10639.68,0.0,0.0,0.0,0.0,0.0,34795.95,35149.64,17574.82,11716.546666666667,8787.41,0.0,0.0,0.0,0.0,0.0,0.0,0.0,0.0,0.0,0.0,2.0,1.9,2.45,2.6333333333333333,2.725,35.974,37.8968,40.8135,42.78553333333334,43.3886,1014.9893499999998,1173.70634,1354.3327199999999,1453.1535199999998,1489.373495,Turnings
-1.02,-1.186,-4.603400000000001,-3.0202666666666667,0.36010000000000014,1.36,1.36,1.36,1.36,1.36,0.0,25604.32,35368.41,38849.28,36324.225,0.0,0.0,0.0,0.0,0.0,57603.4,23692.84,11846.42,7922.026666666667,9514.48,0.0,0.0,0.0,0.0,0.0,0.0,0.0,0.0,0.0,0.0,2.0,2.0,2.0,2.0,1.815,56.24249999999999,54.7966,48.79859999999999,42.06713333333333,36.390499999999996,2050.07535,2400.7573,2248.25045,1965.3916733333333,1810.85816,U-Turnings
7.614999999999999,1.6056,0.2576,-0.46827586206896543,-0.46827586206896543,1.36,1.36,1.36,1.36,1.36,0.0,21528.24,28096.52,31519.068965517243,31519.068965517243,0.0,0.0,0.0,0.0,0.0,64253.0,32828.98,24855.72,18870.544827586207,18870.544827586207,0.0,0.0,0.0,0.0,0.0,0.0,0.0,0.0,0.0,0.0,1.4,2.36,2.61,2.420689655172414,2.420689655172414,44.995,44.8,41.966,39.56075862068966,39.56075862068966,1534.09375,1603.68902,1597.9597399999998,1642.1144206896552,1642.1144206896552,U-Turnings
-3.3409999999999997,-4.4204,-1.7756,-0.27813333333333323,-0.6718999999999999,11.729,19.6126,10.514699999999998,7.463133333333332,5.93735,0.0,0.0,5460.75,19704.166666666668,26810.135,3511.2,6179.44,3099.36,2066.24,1549.68,61552.2,63172.68,54612.63,36408.42,27313.38,0.0,0.0,0.0,0.0,0.0,0.0,0.0,0.0,0.0,0.0,2.0,2.0,2.56,3.3733333333333335,3.78,49.674,61.053200000000004,71.1678,74.53646666666667,75.33485,923.47585,959.4615399999999,1231.59743,1412.0669266666666,1482.8949650000002,U-Turnings
-1.02,-0.9819999999999999,-1.0355999999999999,-1.3693333333333333,-1.3602649006622516,1.36,1.36,1.36,1.36,1.36,8617.6,22810.16,27567.5,29155.84,29176.80132450331,0.0,0.0,0.0,0.0,0.0,37543.65,15017.46,7508.73,5005.82,4972.6688741721855,0.0,0.0,0.0,0.0,0.0,0.0,0.0,0.0,0.0,0.0,2.0,2.0,2.0,2.0,2.0,48.9345,47.5104,43.9494,40.09353333333334,40.01496688741722,2144.51155,2217.61212,2091.94818,1920.1170799999998,1916.5022847682117,U-Turnings
-0.7719999999999999,-3.3928,-1.317,-0.7277333333333332,-0.4829999999999999,28.377999999999997,25.011599999999998,13.185799999999999,9.243866666666666,7.272900000000001,0.0,0.0,17329.84,29035.02,36560.995,9145.95,8006.72,4003.36,2668.9066666666668,2001.68,59619.4,62399.56,40956.9,31876.246666666666,25626.23,0.0,0.0,0.0,0.0,0.0,0.0,0.0,0.0,0.0,0.0,2.0,1.84,3.27,3.4266666666666667,3.57,47.1295,61.0388,69.95559999999999,72.09746666666668,70.64375,961.2702000000002,1062.95282,1396.4289199999998,1692.4152800000002,1754.564985,U-Turnings
-0.6629999999999999,-0.8772,-0.6834,-1.2222666666666666,-1.254413407821229,8.8255,4.3462,2.8531,2.3554,2.1941340782122905,0.0,7708.16,13445.12,17188.266666666666,19180.335195530726,2528.1,1011.24,505.62,337.08,282.46927374301674,0.0,0.0,0.0,0.0,0.0,0.0,0.0,0.0,0.0,0.0,0.0,0.0,0.0,0.0,0.0,2.0,2.0,2.0,2.0,2.0,40.5005,41.99719999999999,42.0954,41.114533333333334,40.06100558659218,1935.9535499999997,2020.70224,2031.63169,1987.8442666666663,1938.5175307262568,U-Turnings
1.54,-1.0104,-2.245,-0.027866666666666675,-0.2759,22.258,17.1728,9.607800000000001,6.858533333333333,5.483900000000001,0.0,0.0,3036.1,22465.18,27308.405,7073.85,5353.16,2792.22,1861.48,1396.11,64253.0,55413.32,54367.85,36249.513333333336,32827.195,0.0,0.0,0.0,0.0,0.0,0.0,0.0,0.0,0.0,0.0,2.4,3.28,3.63,4.086666666666667,4.005,51.786500000000004,60.7712,67.96629999999999,70.21286666666667,70.353,954.81345,1044.15214,1429.0964199999999,1497.36468,1615.62287,U-Turnings
-2.06,-0.0652,-0.8976000000000001,-0.6629577464788733,-0.6629577464788733,1.36,1.36,1.36,1.36,1.36,17283.2,17607.68,13684.48,18497.37323943662,18497.37323943662,0.0,0.0,0.0,0.0,0.0,6498.9,9299.5,23178.96,16323.211267605633,16323.211267605633,0.0,0.0,0.0,0.0,0.0,0.0,0.0,0.0,0.0,0.0,2.0,2.0,1.96,1.971830985915493,1.971830985915493,36.49550000000001,36.0424,36.5371,36.03830985915493,36.03830985915493,1765.6657500000001,1775.28396,1720.52105,1713.099471830986,1713.099471830986,U-Turnings
-3.55,-5.825999999999999,-0.9808000000000001,-1.0589333333333333,-0.31520000000000004,18.6875,9.720400000000001,5.5402,4.146800000000001,3.4501,0.0,0.0,10419.2,17177.6,20625.315,5865.9,2830.74,1415.37,943.58,707.685,0.0,70.64,35.32,23.546666666666667,17.66,0.0,0.0,0.0,0.0,0.0,0.0,0.0,0.0,0.0,0.0,4.0,4.0,4.0,4.0,4.0,62.296499999999995,66.9932,69.9332,70.81086666666666,70.91695,1658.2269000000001,1797.85522,1887.99652,1916.7427733333332,1922.209055,U-Turnings
-4.7829999999999995,-2.9812,-2.4238,-1.8544444444444441,-1.8544444444444441,1.36,1.36,1.36,1.36,1.36,0.0,2336.0,10478.08,16268.444444444445,16268.444444444445,0.0,0.0,0.0,0.0,0.0,0.0,0.0,0.0,0.0,0.0,0.0,0.0,0.0,0.0,0.0,0.0,0.0,0.0,0.0,0.0,2.0,2.0,2.0,2.0,2.0,36.42,38.2558,39.220600000000005,38.11479166666666,38.11479166666666,1749.0497,1839.3322,1892.67835,1843.4358680555556,1843.4358680555556,U-Turnings
